idx,question,true_label,true_context,top_ret_context,top_ret_score,resp_nrag_zs,resp_nrag_cot,resp_rag_zs,resp_rag_cot,pred_nrag_zs,pred_nrag_cot,pred_rag_zs,pred_rag_cot,emb_nrag_zs,emb_nrag_cot,emb_rag_zs,emb_rag_cot,emb_true_ctx,sim_nrag_zs,halluc_nrag_zs,sim_nrag_cot,halluc_nrag_cot,sim_rag_zs,halluc_rag_zs,sim_rag_cot,halluc_rag_cot
0,Type II supracondylar humerus fractures: can some be treated nonoperatively?,yes,"The range of injury severity that can be seen within the category of type II supracondylar humerus fractures (SCHFs) raises the question whether some could be treated nonoperatively. However, the clinical difficulty in using this approach lies in determining which type II SCHFs can be managed successfully without a surgical intervention. We reviewed clinical and radiographic information on 259 pediatric type II SCHFs that were enrolled in a prospective registry of elbow fractures. The characteristics of the patients who were treated without surgery were compared with those of patients who were treated surgically. Treatment outcomes, as assessed by the final clinical and radiographic alignment, range of motion of the elbow, and complications, were compared between the groups to define clinical and radiographic features that related to success or failure of nonoperative management. During the course of treatment, 39 fractures were found to have unsatisfactory alignment with nonoperative management and were taken for surgery. Ultimately, 150 fractures (57.9%) were treated nonoperatively, and 109 fractures (42.1%) were treated surgically. At final follow-up, outcome measures of change in carrying angle, range of motion, and complications did not show clinically significant differences between treatment groups. Fractures without rotational deformity or coronal angulation and with a shaft-condylar angle of>15 degrees were more likely to be associated with successful nonsurgical treatment. A scoring system was developed using these features to stratify the severity of the injury. Patients with isolated extension deformity, but none of the other features, were more likely to complete successful nonoperative management.","The range of injury severity that can be seen within the category of type II supracondylar humerus fractures (SCHFs) raises the question whether some could be treated nonoperatively. However, the clinical difficulty in using this approach lies in determining which type II SCHFs can be managed successfully without a surgical intervention. We reviewed clinical and radiographic information on 259 pediatric type II SCHFs that were enrolled in a prospective registry of elbow fractures. The characteristics of the patients who were treated without surgery were compared with those of patients who were treated surgically. Treatment outcomes, as assessed by the final clinical and radiographic alignment, range of motion of the elbow, and complications, were compared between the groups to define clinical and radiographic features that related to success or failure of nonoperative management. During the course of treatment, 39 fractures were found to have unsatisfactory alignment with nonoperative management and were taken for surgery. Ultimately, 150 fractures (57.9%) were treated nonoperatively, and 109 fractures (42.1%) were treated surgically. At final follow-up, outcome measures of change in carrying angle, range of motion, and complications did not show clinically significant differences between treatment groups. Fractures without rotational deformity or coronal angulation and with a shaft-condylar angle of>15 degrees were more likely to be associated with successful nonsurgical treatment. A scoring system was developed using these features to stratify the severity of the injury. Patients with isolated extension deformity, but none of the other features, were more likely to complete successful nonoperative management.",0.7375053763389587,"Yes, some Type II supracondylar humerus fractures can be treated nonoperatively. Type II fractures are characterized by a fracture with displacement but with an intact posterior cortex. Nonoperative treatment, such as closed reduction and casting, may be appropriate in cases where the fracture is stable after reduction and there is no neurovascular compromise. However, the decision to treat nonoperatively should be made on a case-by-case basis, considering factors such as the degree of displacement, the patient's age, and the potential for maintaining reduction with casting.

VERDICT: yes","Step 1 — What biological mechanism or clinical concept is relevant here?

Type II supracondylar humerus fractures are a type of fracture that occurs just above the elbow joint in the humerus bone, typically in children. These fractures are classified based on the degree of displacement and angulation. Type II fractures are characterized by displacement with an intact posterior cortex. The treatment approach depends on the stability of the fracture, the degree of displacement, and the potential for complications such as neurovascular injury or malunion.

Step 2 — What does the evidence generally suggest?

The evidence suggests that Type II supracondylar humerus fractures can sometimes be treated nonoperatively, especially if the fracture is stable and there is minimal displacement. Nonoperative treatment typically involves immobilization with a cast or splint and close monitoring for any changes in alignment or complications. However, if the fracture is unstable or there is significant displacement, surgical intervention may be necessary to ensure proper alignment and healing.

Step 3 — What is the most supported conclusion?

The most supported conclusion is that while some Type II supracondylar humerus fractures can be treated nonoperatively, the decision must be made on a case-by-case basis. Factors such as the degree of displacement, stability of the fracture, and the presence of any neurovascular compromise must be considered. Nonoperative treatment is generally reserved for fractures that are stable and have minimal displacement, with careful follow-up to ensure proper healing.

VERDICT: yes","The evidence provided in Source 1 suggests that there is a range of injury severity within type II supracondylar humerus fractures (SCHFs), which raises the possibility that some could potentially be treated nonoperatively. However, the source also highlights the clinical difficulty in determining which specific type II SCHFs can be managed successfully without surgical intervention. The study reviewed clinical and radiographic information on pediatric type II SCHFs, indicating that there is consideration and comparison between nonoperative and operative treatments, but it does not provide a definitive conclusion on the success of nonoperative treatment for these fractures.

VERDICT: yes","Step 1 — What do the retrieved sources say about this topic?
- Source 1 discusses the potential for treating some type II supracondylar humerus fractures (SCHFs) nonoperatively. It mentions the challenge in determining which fractures can be managed without surgery, suggesting that there is a possibility for nonoperative treatment in certain cases. However, it does not provide specific outcomes or criteria for nonoperative management.
- Source 2 and Source 3 do not address type II supracondylar humerus fractures directly. Source 2 focuses on condylar fractures and their surgical treatment, while Source 3 compares operative and nonoperative treatments for displaced midshaft clavicular fractures.

Step 2 — Do the sources agree or contradict each other?
- Source 1 is the only source that directly addresses the question of nonoperative treatment for type II SCHFs. It suggests that nonoperative treatment might be possible for some cases, but it does not provide detailed evidence or outcomes. The other sources do not provide relevant information on this specific topic, so there is no direct agreement or contradiction among the sources.

Step 3 — What is the most evidence-supported conclusion?
- Based on the available evidence, Source 1 implies that there is a potential for nonoperative treatment of some type II SCHFs, but it does not provide conclusive evidence or criteria for identifying which fractures can be treated this way. The lack of detailed evidence or outcomes means that while nonoperative treatment might be possible, it is not definitively supported by the provided sources.

VERDICT: no",yes,yes,yes,no,[0.00319099 0.05630493 0.03439331 ... 0.00955963 0.01233673 0.04190063],[0.00183868 0.04962158 0.0340271  ... 0.009758   0.03027344 0.04034424],"[-0.00367928  0.04418945  0.02505493 ...  0.00747299  0.02755737
  0.02102661]","[-0.01402283  0.02993774  0.03308105 ...  0.01532745  0.0191803
  0.02323914]","[-0.01599121  0.04797363  0.06085205 ...  0.01173401  0.02522278
  0.01345062]",0.7252099514007568,1,0.7755870819091797,0,0.846527099609375,0,0.7843281030654907,0
1,Treatment of vitamin D deficiency in CKD patients with ergocalciferol: are current K/DOQI treatment guidelines adequate?,no,"Vitamin D deficiency/insufficiency (VDDI) is common in CKD patients and may be associated with abnormal mineral metabolism. It is not clear whether the K/DOQI recommended doses of ergocalciferol are adequate for correction of VDDI and hyperparathyroidism. Retrospective study of 88 patients with CKD Stages 1 - 5 and baseline 25-hydroxyvitamin D level<30 ng/ml (<75 nmol/l). Patients treated with ergocalciferol as recommended by K/DOQI guidelines. Only 53 patients had elevated baseline PTH level for the CKD stage. Patients were excluded if they received vitamin D preparations other than ergocalciferol or phosphate binders. 25-hydroxyvitamin D level, intact PTH level (iPTH), and other parameters of mineral metabolism were measured at baseline and after completion of ergocalciferol course. 88 patients with CKD were treated with ergocalciferol. Mean age 56.8 +/- 9.5 years and 41% were males. The mean (+/- SD) GFR was 28.3 +/- 16.6 ml/min. At the end of the 6-month period of ergocalciferol treatment, the mean 25-hydroxyvitamin D level increased from 15.1 +/- 5.8 to 23.3 +/- 11.8 ng/ml (37.75 +/- 14.5 to 58.25 +/- 29.5 nmol/l) (p<0.001). Treatment led to>or = 5 ng/ml (12.5 nmol/l) increases in 25-hydroxyvitamin D level in 54% of treated patients, and only 25% achieved levels>or = 30 ng/ml (75 nmol/l). Mean iPTH level decreased from 157.9 +/- 125.9 to 150.7 +/- 127.5 pg/ml (p = 0.5). Only 26% of patients had>or = 30% decrease in their iPTH level after treatment with ergocalciferol.","Vitamin D deficiency/insufficiency (VDDI) is common in CKD patients and may be associated with abnormal mineral metabolism. It is not clear whether the K/DOQI recommended doses of ergocalciferol are adequate for correction of VDDI and hyperparathyroidism. Retrospective study of 88 patients with CKD Stages 1 - 5 and baseline 25-hydroxyvitamin D level<30 ng/ml (<75 nmol/l). Patients treated with ergocalciferol as recommended by K/DOQI guidelines. Only 53 patients had elevated baseline PTH level for the CKD stage. Patients were excluded if they received vitamin D preparations other than ergocalciferol or phosphate binders. 25-hydroxyvitamin D level, intact PTH level (iPTH), and other parameters of mineral metabolism were measured at baseline and after completion of ergocalciferol course. 88 patients with CKD were treated with ergocalciferol. Mean age 56.8 +/- 9.5 years and 41% were males. The mean (+/- SD) GFR was 28.3 +/- 16.6 ml/min. At the end of the 6-month period of ergocalciferol treatment, the mean 25-hydroxyvitamin D level increased from 15.1 +/- 5.8 to 23.3 +/- 11.8 ng/ml (37.75 +/- 14.5 to 58.25 +/- 29.5 nmol/l) (p<0.001). Treatment led to>or = 5 ng/ml (12.5 nmol/l) increases in 25-hydroxyvitamin D level in 54% of treated patients, and only 25% achieved levels>or = 30 ng/ml (75 nmol/l). Mean iPTH level decreased from 157.9 +/- 125.9 to 150.7 +/- 127.5 pg/ml (p = 0.5). Only 26% of patients had>or = 30% decrease in their iPTH level after treatment with ergocalciferol.",0.7907930612564087,"The K/DOQI (Kidney Disease Outcomes Quality Initiative) guidelines provide recommendations for the treatment of vitamin D deficiency in patients with chronic kidney disease (CKD). These guidelines suggest using ergocalciferol (vitamin D2) for the treatment of vitamin D deficiency in CKD patients, particularly in stages 3 and 4, where the kidneys still have some capacity to convert vitamin D into its active form. However, there is ongoing debate about the adequacy of these guidelines due to several factors:

1. **Variability in Response**: CKD patients may have varying responses to ergocalciferol due to differences in kidney function, which affects the conversion of vitamin D to its active form.

2. **Alternative Forms of Vitamin D**: Some studies suggest that cholecalciferol (vitamin D3) or active forms of vitamin D (such as calcitriol or analogs) might be more effective in certain CKD populations, especially in advanced stages where conversion is impaired.

3. **Updated Evidence**: Since the publication of the K/DOQI guidelines, new evidence has emerged that may not be fully reflected in the current recommendations, suggesting a need for updated guidelines.

4. **Individualized Treatment**: The guidelines may not account for individual patient factors such as baseline vitamin D levels, dietary intake, and specific CKD-related complications.

Given these considerations, while the K/DOQI guidelines provide a framework, they may not be fully adequate for all CKD patients, and individualized treatment approaches may be necessary.

VERDICT: no","Step 1 — What biological mechanism or clinical concept is relevant here?

Chronic Kidney Disease (CKD) affects the body's ability to maintain mineral and bone metabolism, including the metabolism of vitamin D. In CKD, the kidneys' ability to convert vitamin D into its active form, calcitriol, is impaired. This can lead to vitamin D deficiency, which is associated with bone disorders, cardiovascular disease, and other complications. Ergocalciferol (vitamin D2) is often used to treat vitamin D deficiency. The K/DOQI (Kidney Disease Outcomes Quality Initiative) guidelines provide recommendations for the management of bone metabolism and disease in CKD, including the treatment of vitamin D deficiency.

Step 2 — What does the evidence generally suggest?

The evidence suggests that while ergocalciferol can be effective in raising serum 25-hydroxyvitamin D levels in CKD patients, its effectiveness in improving clinical outcomes such as bone health, cardiovascular health, and mortality is less clear. Some studies indicate that ergocalciferol may not be sufficient to address the complex metabolic disturbances in CKD, particularly in advanced stages. Additionally, the conversion of ergocalciferol to its active form may be limited in CKD patients, suggesting that alternative forms of vitamin D, such as calcitriol or other active vitamin D analogs, might be more effective in certain cases.

Step 3 — What is the most supported conclusion?

The most supported conclusion is that while the K/DOQI guidelines provide a framework for treating vitamin D deficiency in CKD patients, there is ongoing debate about their adequacy. The guidelines may not fully address the needs of all CKD patients, particularly those with advanced disease, due to the limitations of ergocalciferol in these populations. There is a need for individualized treatment plans and possibly the use of active vitamin D analogs in certain cases to achieve better clinical outcomes.

VERDICT: no","The evidence from Source 1 indicates that there is uncertainty about whether the K/DOQI recommended doses of ergocalciferol are adequate for correcting vitamin D deficiency and hyperparathyroidism in CKD patients. The study involved 88 patients with CKD stages 1-5 and vitamin D deficiency, treated according to K/DOQI guidelines. However, the abstract does not provide conclusive results on the adequacy of these guidelines, suggesting that the question remains unresolved.

VERDICT: no","Step 1 — What do the retrieved sources say about this topic?
- Source 1 discusses the treatment of vitamin D deficiency/insufficiency (VDDI) in chronic kidney disease (CKD) patients using ergocalciferol as per the K/DOQI guidelines. It mentions that it is unclear whether these recommended doses are adequate for correcting VDDI and hyperparathyroidism in CKD patients. The study involved 88 patients with CKD stages 1-5 and baseline 25-hydroxyvitamin D levels below 30 ng/ml. However, the source does not provide a definitive conclusion on the adequacy of the guidelines.

Step 2 — Do the sources agree or contradict each other?
- Only Source 1 directly addresses the question of the adequacy of K/DOQI guidelines for treating vitamin D deficiency in CKD patients with ergocalciferol. The other sources focus on different aspects of vitamin D deficiency, such as its association with autoimmune diseases and its status in prepubertal children with celiac disease. Therefore, there is no direct agreement or contradiction among the sources regarding the specific question.

Step 3 — What is the most evidence-supported conclusion?
- Based on Source 1, there is an indication that the adequacy of K/DOQI guidelines for treating vitamin D deficiency in CKD patients with ergocalciferol is uncertain. The study suggests that it is not clear if the recommended doses are sufficient for correcting VDDI and hyperparathyroidism. However, without additional evidence or a definitive conclusion from the study, it is difficult to assert the adequacy of the guidelines.

VERDICT: no",no,no,no,no,[0.01083374 0.00974274 0.02330017 ... 0.01864624 0.00610352 0.01148987],[0.0239563  0.01669312 0.02198792 ... 0.02296448 0.00663757 0.01986694],"[ 0.02015686  0.0030365   0.00605392 ...  0.01834106 -0.00241852
 -0.00489807]",[0.0137558  0.00274849 0.02073669 ... 0.02404785 0.00465775 0.00502014],"[ 0.01649475  0.00462723  0.04196167 ...  0.00238037 -0.00801086
 -0.00730515]",0.8032016754150391,0,0.8237937092781067,0,0.80918288230896,0,0.8317723274230957,0
2,Biliary atresia: should all patients undergo a portoenterostomy?,no,"The management of noncorrectable extra hepatic biliary atresia includes portoenterostomy, although the results of the surgery are variable. This study was done to develop criteria that could successfully predict the outcome of surgery based on preoperative data, including percutaneous liver biopsy, allowing a more selective approach to the care of these babies. The charts and biopsy results of 31 patients who underwent a Kasai procedure for biliary atresia between 1984 and 1994 were reviewed. Values for preoperative albumin, bilirubin, age of patient at Kasai, and lowest postoperative bilirubin were recorded. Surgical success was defined as postoperative bilirubin that returned to normal. A pathologist blinded to the child's eventual outcome graded the pre-Kasai needle liver biopsy results according to duct proliferation, ductal plate lesion, bile in ducts, lobular inflammation, giant cells, syncitial giant cells, focal necrosis, bridging necrosis, hepatocyte ballooning, bile in zone 1, 2, and 3, cholangitis, and end-stage cirrhosis. Clinical outcome was then predicted. Success after portoenterostomy could not reliably be predicted based on gender, age at Kasai, preoperative bilirubin or albumin levels. Histological criteria, however, predicted outcome in 27 of 31 patients (P<.01). Fifteen of 17 clinical successes were correctly predicted; as were 12 of 14 clinical failures (sensitivity, 86%; specificity, 88%). Individually, the presence of syncitial giant cells, lobular inflammation, focal necrosis, bridging necrosis, and cholangitis, were each associated with failure of the portoenterostomy (P<.05). Bile in zone 1 was associated with clinical success of the procedure (P<.05).","The management of noncorrectable extra hepatic biliary atresia includes portoenterostomy, although the results of the surgery are variable. This study was done to develop criteria that could successfully predict the outcome of surgery based on preoperative data, including percutaneous liver biopsy, allowing a more selective approach to the care of these babies. The charts and biopsy results of 31 patients who underwent a Kasai procedure for biliary atresia between 1984 and 1994 were reviewed. Values for preoperative albumin, bilirubin, age of patient at Kasai, and lowest postoperative bilirubin were recorded. Surgical success was defined as postoperative bilirubin that returned to normal. A pathologist blinded to the child's eventual outcome graded the pre-Kasai needle liver biopsy results according to duct proliferation, ductal plate lesion, bile in ducts, lobular inflammation, giant cells, syncitial giant cells, focal necrosis, bridging necrosis, hepatocyte ballooning, bile in zone 1, 2, and 3, cholangitis, and end-stage cirrhosis. Clinical outcome was then predicted. Success after portoenterostomy could not reliably be predicted based on gender, age at Kasai, preoperative bilirubin or albumin levels. Histological criteria, however, predicted outcome in 27 of 31 patients (P<.01). Fifteen of 17 clinical successes were correctly predicted; as were 12 of 14 clinical failures (sensitivity, 86%; specificity, 88%). Individually, the presence of syncitial giant cells, lobular inflammation, focal necrosis, bridging necrosis, and cholangitis, were each associated with failure of the portoenterostomy (P<.05). Bile in zone 1 was associated with clinical success of the procedure (P<.05).",0.647549033164978,"Biliary atresia is a serious condition in infants where the bile ducts become blocked or absent, leading to liver damage. The Kasai portoenterostomy is a surgical procedure that aims to restore bile flow from the liver to the intestine by connecting the liver directly to the small intestine. This procedure is often the first-line treatment for biliary atresia.

However, not all patients with biliary atresia may be suitable candidates for portoenterostomy. The success of the procedure largely depends on the age at which it is performed, with better outcomes observed when the surgery is done before the infant is 2-3 months old. Additionally, the degree of liver damage at the time of diagnosis can influence the decision. In cases where there is significant liver damage or cirrhosis, a liver transplant might be considered a more appropriate option.

Therefore, while portoenterostomy is a common and often necessary procedure for many patients with biliary atresia, it is not universally applicable to all patients. The decision should be individualized based on the patient's specific condition, age, and liver function.

VERDICT: no","Step 1 — What biological mechanism or clinical concept is relevant here?

Biliary atresia is a condition in infants where the bile ducts become blocked or absent, leading to liver damage due to bile accumulation. The Kasai portoenterostomy is a surgical procedure aimed at restoring bile flow from the liver into the intestine by connecting the liver directly to the small intestine. This procedure is typically performed to prevent liver damage and delay the need for liver transplantation.

Step 2 — What does the evidence generally suggest?

The evidence suggests that the Kasai portoenterostomy is the standard initial treatment for biliary atresia. It is most effective when performed early, ideally within the first 60 days of life. The procedure can restore bile flow in a significant number of patients, which can improve liver function and delay the progression to cirrhosis. However, not all patients achieve successful bile drainage, and some may still require liver transplantation later in life. The success of the procedure can depend on factors such as the age at surgery and the degree of liver damage at the time of the operation.

Step 3 — What is the most supported conclusion?

The most supported conclusion is that while not all patients may benefit equally from a portoenterostomy, it remains the best initial treatment option for biliary atresia. The procedure offers the potential to restore bile flow and improve outcomes, especially when performed early. Therefore, it is generally recommended that all patients with biliary atresia undergo a portoenterostomy unless there are specific contraindications or the liver damage is too advanced.

VERDICT: yes","The evidence provided in Source 1 suggests that the management of noncorrectable extra hepatic biliary atresia includes portoenterostomy, but the results of the surgery are variable. The study aimed to develop criteria to predict the outcome of surgery based on preoperative data, indicating that not all patients may benefit equally from the procedure. This implies that a more selective approach, rather than a universal one, might be beneficial in determining which patients should undergo portoenterostomy.

VERDICT: no","Step 1 — What do the retrieved sources say about this topic?
- Source 1 discusses the management of noncorrectable extra hepatic biliary atresia, specifically mentioning portoenterostomy (Kasai procedure) as a treatment option. It highlights that the results of this surgery are variable and suggests that preoperative criteria, including liver biopsy, could help predict surgical outcomes and allow for a more selective approach to patient care.

Step 2 — Do the sources agree or contradict each other?
- Only Source 1 directly addresses biliary atresia and the use of portoenterostomy. It does not provide a definitive answer on whether all patients should undergo the procedure but suggests that outcomes can be variable and that preoperative criteria might help in decision-making. The other sources do not discuss biliary atresia or portoenterostomy, so there is no agreement or contradiction among the sources on this specific question.

Step 3 — What is the most evidence-supported conclusion?
- Based on Source 1, while portoenterostomy is a common treatment for biliary atresia, the variability in surgical outcomes suggests that not all patients may benefit equally from the procedure. The source implies that using preoperative criteria to predict outcomes could help determine which patients are more likely to benefit from the surgery. Therefore, it suggests a more selective approach rather than a blanket recommendation for all patients to undergo portoenterostomy.

VERDICT: no",no,yes,no,no,"[-0.0397644  -0.00387192  0.02433777 ...  0.03967285  0.03216553
  0.01051331]","[-0.01873779  0.01360321  0.02438354 ...  0.04324341  0.03921509
  0.00096416]","[-0.00962067 -0.00751877  0.03555298 ...  0.03250122  0.02511597
  0.00294304]","[-0.01051331 -0.0196991   0.0328064  ...  0.04550171  0.02111816
  0.00433731]","[-0.02386475  0.00294304  0.03933716 ...  0.02363586  0.02090454
 -0.02476501]",0.7656077146530151,0,0.8023624420166016,0,0.7593370079994202,0,0.7572894096374512,0
3,Do Indigenous Australians age prematurely?,no,"To assess whether Indigenous Australians age prematurely compared with other Australians, as implied by Australian Government aged care policy, which uses age 50 years and over for population-based planning for Indigenous people compared with 70 years for non-indigenous people. Cross-sectional analysis of aged care assessment, hospital and health survey data comparing Indigenous and non-indigenous age-specific prevalence of health conditions. Analysis of life tables for Indigenous and non-indigenous populations comparing life expectancy at different ages. At age 63 for women and age 65 for men, Indigenous people had the same life expectancy as non-indigenous people at age 70. There is no consistent pattern of a 20-year lead in age-specific prevalence of age-associated conditions for Indigenous compared with other Australians. There is high prevalence from middle-age onwards of some conditions, particularly diabetes (type unspecified), but there is little or no lead for others.","To assess whether Indigenous Australians age prematurely compared with other Australians, as implied by Australian Government aged care policy, which uses age 50 years and over for population-based planning for Indigenous people compared with 70 years for non-indigenous people. Cross-sectional analysis of aged care assessment, hospital and health survey data comparing Indigenous and non-indigenous age-specific prevalence of health conditions. Analysis of life tables for Indigenous and non-indigenous populations comparing life expectancy at different ages. At age 63 for women and age 65 for men, Indigenous people had the same life expectancy as non-indigenous people at age 70. There is no consistent pattern of a 20-year lead in age-specific prevalence of age-associated conditions for Indigenous compared with other Australians. There is high prevalence from middle-age onwards of some conditions, particularly diabetes (type unspecified), but there is little or no lead for others.",0.7458351254463196,"Yes, there is evidence suggesting that Indigenous Australians experience premature aging. Studies have shown that Indigenous Australians have a higher prevalence of chronic diseases, such as cardiovascular disease, diabetes, and kidney disease, at younger ages compared to non-Indigenous Australians. These health disparities are often attributed to a combination of factors, including socioeconomic disadvantage, limited access to healthcare, and the impacts of historical and ongoing social injustices. Additionally, life expectancy for Indigenous Australians is significantly lower than that of non-Indigenous Australians, further indicating premature aging and increased mortality rates at younger ages.

VERDICT: yes","Step 1 — What biological mechanism or clinical concept is relevant here?
The concept of premature aging involves the accelerated decline of physiological functions and increased susceptibility to age-related diseases at an earlier chronological age compared to the general population. This can be influenced by genetic factors, environmental exposures, lifestyle factors, and social determinants of health. In the context of Indigenous Australians, factors such as socioeconomic disadvantage, higher rates of chronic diseases, and limited access to healthcare services may contribute to premature aging.

Step 2 — What does the evidence generally suggest?
Research indicates that Indigenous Australians experience a higher burden of chronic diseases such as cardiovascular disease, diabetes, and kidney disease at younger ages compared to non-Indigenous Australians. These health disparities are often attributed to a combination of genetic predispositions, environmental factors, and social determinants such as poverty, limited access to healthcare, and historical and ongoing social injustices. Studies have shown that Indigenous Australians have a lower life expectancy and experience age-related health issues earlier than their non-Indigenous counterparts.

Step 3 — What is the most supported conclusion?
The evidence suggests that Indigenous Australians do experience health outcomes that are indicative of premature aging. The combination of higher rates of chronic diseases, lower life expectancy, and earlier onset of age-related health issues supports the conclusion that Indigenous Australians age prematurely compared to the general population.

VERDICT: yes","The evidence provided in Source 1 suggests that Indigenous Australians may age prematurely compared to non-Indigenous Australians. This is implied by the Australian Government's aged care policy, which uses a lower age threshold (50 years and over) for population-based planning for Indigenous people compared to 70 years for non-Indigenous people. The cross-sectional analysis of aged care assessment, hospital, and health survey data, as well as life tables, indicates differences in age-specific prevalence of health conditions and life expectancy between Indigenous and non-Indigenous populations.

VERDICT: yes","Step 1 — What do the retrieved sources say about this topic?

Source 1 directly addresses the question of whether Indigenous Australians age prematurely. It discusses the Australian Government's aged care policy, which considers Indigenous Australians aged 50 and over for population-based planning, compared to 70 years for non-Indigenous Australians. This implies a recognition of premature aging among Indigenous Australians. The source also mentions a cross-sectional analysis comparing age-specific prevalence of health conditions and life expectancy between Indigenous and non-Indigenous populations.

Source 2 and Source 3 do not directly address the question of premature aging in Indigenous Australians. Source 2 discusses birthweight patterns and gestational age misclassification among Australian Aborigines and whites, while Source 3 examines health outcomes for premature infants in rural versus urban areas, without specific reference to Indigenous Australians.

Step 2 — Do the sources agree or contradict each other?

Source 1 provides evidence that supports the notion of premature aging among Indigenous Australians, as reflected in government policy and health condition prevalence. Sources 2 and 3 do not provide relevant information to either support or contradict this claim.

Step 3 — What is the most evidence-supported conclusion?

The most evidence-supported conclusion comes from Source 1, which provides direct evidence and analysis regarding the premature aging of Indigenous Australians. The other sources do not contribute relevant information to this specific question.

VERDICT: yes",yes,yes,yes,yes,"[ 0.01278687  0.04989624  0.03442383 ...  0.02012634 -0.03134155
 -0.00071144]","[ 0.01623535  0.05059814  0.03256226 ...  0.01464844 -0.02824402
  0.01068115]","[ 0.02432251  0.03259277  0.02955627 ...  0.01454163 -0.03713989
  0.01285553]","[ 0.02983093  0.0413208   0.04400635 ...  0.03442383 -0.02702332
  0.02577209]","[ 0.02696228  0.02171326  0.0635376  ...  0.01716614 -0.03805542
  0.01332855]",0.7467829585075378,1,0.7695531845092773,0,0.8467416763305664,0,0.7584612369537354,0
4,Differentiation of nonalcoholic from alcoholic steatohepatitis: are routine laboratory markers useful?,yes,"Specific markers for differentiation of nonalcoholic (NASH) from alcoholic steatohepatitis (ASH) are lacking. We investigated the role of routine laboratory parameters in distinguishing NASH from ASH. Liver biopsies performed at our hospital over a 10-year period were reviewed, 95 patients with steatohepatitis identified and their data prior to biopsy reevaluated. The diagnosis NASH or ASH was assigned (other liver diseases excluded) on the basis of the biopsy and history of alcohol consumption (<140 g/week). Logistic regression models were used for analysis. NASH was diagnosed in 58 patients (61%; 30 f) and ASH in 37 (39%; 9 f). High-grade fibrosis (59% vs. 19%, P<0.0001) and an AST/ALT ratio>1 (54.1% vs 20.7%, P = 0.0008) were more common in ASH. The MCV was elevated in 53% of ASH patients and normal in all NASH patients (P<0.0001). Multivariate analysis identified the MCV (P = 0.0013), the AST/ALT ratio (P = 0.011) and sex (P = 0.0029) as relevant regressors (aROC = 0.92). The AST/ALT ratio (P<0.0001) and age (P = 0.00049) were independent predictors of high-grade fibrosis. Differences in MCV were more marked in high-grade fibrosis.","Specific markers for differentiation of nonalcoholic (NASH) from alcoholic steatohepatitis (ASH) are lacking. We investigated the role of routine laboratory parameters in distinguishing NASH from ASH. Liver biopsies performed at our hospital over a 10-year period were reviewed, 95 patients with steatohepatitis identified and their data prior to biopsy reevaluated. The diagnosis NASH or ASH was assigned (other liver diseases excluded) on the basis of the biopsy and history of alcohol consumption (<140 g/week). Logistic regression models were used for analysis. NASH was diagnosed in 58 patients (61%; 30 f) and ASH in 37 (39%; 9 f). High-grade fibrosis (59% vs. 19%, P<0.0001) and an AST/ALT ratio>1 (54.1% vs 20.7%, P = 0.0008) were more common in ASH. The MCV was elevated in 53% of ASH patients and normal in all NASH patients (P<0.0001). Multivariate analysis identified the MCV (P = 0.0013), the AST/ALT ratio (P = 0.011) and sex (P = 0.0029) as relevant regressors (aROC = 0.92). The AST/ALT ratio (P<0.0001) and age (P = 0.00049) were independent predictors of high-grade fibrosis. Differences in MCV were more marked in high-grade fibrosis.",0.7184785008430481,"Routine laboratory markers are generally not sufficient to reliably differentiate nonalcoholic steatohepatitis (NASH) from alcoholic steatohepatitis (ASH). Both conditions can present with similar laboratory findings, such as elevated liver enzymes (ALT, AST), and other markers like bilirubin and alkaline phosphatase, which are not specific to the underlying cause of liver inflammation. While certain patterns, such as a higher AST to ALT ratio, might suggest alcoholic liver disease, these are not definitive. Therefore, clinical history, including alcohol consumption, and sometimes liver biopsy, are necessary for accurate differentiation.

VERDICT: no","Step 1 — What biological mechanism or clinical concept is relevant here?

Nonalcoholic steatohepatitis (NASH) and alcoholic steatohepatitis (ASH) are both forms of liver inflammation and damage caused by fat accumulation in the liver. The primary difference between them is the underlying cause: NASH is associated with metabolic factors such as obesity, insulin resistance, and dyslipidemia, while ASH is directly related to excessive alcohol consumption. Differentiating between these two conditions is crucial for appropriate management and treatment. Routine laboratory markers often used in liver function tests include alanine aminotransferase (ALT), aspartate aminotransferase (AST), gamma-glutamyl transferase (GGT), and mean corpuscular volume (MCV), among others.

Step 2 — What does the evidence generally suggest?

Evidence suggests that while there are some differences in laboratory markers between NASH and ASH, these differences are not definitive enough to reliably distinguish between the two conditions. For instance, the AST/ALT ratio is often higher in ASH compared to NASH, but there is significant overlap. GGT levels and MCV can also be elevated in ASH due to alcohol consumption, but these markers are not exclusive to ASH and can be influenced by other factors. Therefore, while routine laboratory markers can provide some clues, they are not sufficient on their own to differentiate between NASH and ASH.

Step 3 — What is the most supported conclusion?

The most supported conclusion is that routine laboratory markers alone are not reliable for differentiating nonalcoholic from alcoholic steatohepatitis. While they can provide some indication and are useful in the overall assessment of liver health, they should be used in conjunction with a thorough clinical evaluation, including a detailed patient history and possibly imaging or liver biopsy, to accurately distinguish between NASH and ASH.

VERDICT: no","The evidence provided in Source 1 indicates that specific markers for differentiating nonalcoholic steatohepatitis (NASH) from alcoholic steatohepatitis (ASH) are lacking. The study investigated the role of routine laboratory parameters in distinguishing between NASH and ASH, but it does not provide conclusive evidence that these routine laboratory markers are useful for differentiation. The diagnosis was primarily based on liver biopsy and history of alcohol consumption, rather than routine laboratory markers.

VERDICT: no","Step 1 — What do the retrieved sources say about this topic?
- Source 1 specifically addresses the differentiation of nonalcoholic steatohepatitis (NASH) from alcoholic steatohepatitis (ASH) using routine laboratory parameters. It mentions that specific markers for differentiation are lacking and that the study investigated the role of routine laboratory parameters in distinguishing between NASH and ASH. The study involved reviewing liver biopsies and using logistic regression models for analysis, but it does not provide specific results or conclusions in the abstract.
- Source 2 and Source 3 do not address the differentiation of NASH from ASH using laboratory markers. Source 2 discusses complications of cirrhosis, and Source 3 discusses staging laparoscopy for hepatocellular carcinoma.

Step 2 — Do the sources agree or contradict each other?
- Only Source 1 is relevant to the question, as it directly investigates the differentiation of NASH from ASH using routine laboratory parameters. Sources 2 and 3 do not provide information on this topic, so there is no agreement or contradiction among the sources regarding the use of routine laboratory markers for differentiation.

Step 3 — What is the most evidence-supported conclusion?
- Based on Source 1, it is indicated that specific markers for differentiating NASH from ASH are lacking, and the study aimed to investigate the role of routine laboratory parameters. However, the abstract does not provide specific findings or conclusions about the effectiveness of these markers. Therefore, there is insufficient evidence to conclude that routine laboratory markers are useful for differentiation.

VERDICT: no",no,no,no,no,"[-0.03665161 -0.04968262  0.02209473 ...  0.01519012 -0.00305748
  0.02848816]","[-0.03973389 -0.02584839  0.02966309 ...  0.00958252  0.00041676
  0.0390625 ]","[-0.04067993 -0.0456543   0.00559998 ...  0.00971985 -0.01247406
  0.02073669]","[-0.03186035 -0.02467346  0.03091431 ...  0.01828003 -0.01591492
  0.0352478 ]","[-0.06317139 -0.02694702  0.04354858 ...  0.00354195 -0.01309204
  0.01202393]",0.8253533840179443,0,0.8368774652481079,0,0.8329870700836182,0,0.7643914818763733,0
5,Risk factors for major depression during midlife among a community sample of women with and without prior major depression: are they the same or different?,no,"Women's vulnerability for a first lifetime-onset of major depressive disorder (MDD) during midlife is substantial. It is unclear whether risk factors differ for first lifetime-onset and recurrent MDD. Identifying these risk factors can provide more focused depression screening and earlier intervention. This study aims to evaluate whether lifetime psychiatric and health histories, personality traits, menopausal status and factors that vary over time, e.g. symptoms, are independent risk factors for first-onset or recurrent MDD across 13 annual follow-ups. Four hundred and forty-three women, aged 42-52 years, enrolled in the Study of Women's Health Across the Nation in Pittsburgh and participated in the Mental Health Study. Psychiatric interviews obtained information on lifetime psychiatric disorders at baseline and on occurrences of MDD episodes annually. Psychosocial and health-related data were collected annually. Cox multivariable analyses were conducted separately for women with and without a MDD history at baseline. Women without lifetime MDD at baseline had a lower risk of developing MDD during midlife than those with a prior MDD history (28% v. 59%) and their risk profiles differed. Health conditions prior to baseline and during follow-ups perception of functioning (ps<0.05) and vasomotor symptoms (VMS) (p = 0.08) were risk factors for first lifetime-onset MDD. Being peri- and post-menopausal, psychological symptoms and a prior anxiety disorder were predominant risk factors for MDD recurrence.","Women's vulnerability for a first lifetime-onset of major depressive disorder (MDD) during midlife is substantial. It is unclear whether risk factors differ for first lifetime-onset and recurrent MDD. Identifying these risk factors can provide more focused depression screening and earlier intervention. This study aims to evaluate whether lifetime psychiatric and health histories, personality traits, menopausal status and factors that vary over time, e.g. symptoms, are independent risk factors for first-onset or recurrent MDD across 13 annual follow-ups. Four hundred and forty-three women, aged 42-52 years, enrolled in the Study of Women's Health Across the Nation in Pittsburgh and participated in the Mental Health Study. Psychiatric interviews obtained information on lifetime psychiatric disorders at baseline and on occurrences of MDD episodes annually. Psychosocial and health-related data were collected annually. Cox multivariable analyses were conducted separately for women with and without a MDD history at baseline. Women without lifetime MDD at baseline had a lower risk of developing MDD during midlife than those with a prior MDD history (28% v. 59%) and their risk profiles differed. Health conditions prior to baseline and during follow-ups perception of functioning (ps<0.05) and vasomotor symptoms (VMS) (p = 0.08) were risk factors for first lifetime-onset MDD. Being peri- and post-menopausal, psychological symptoms and a prior anxiety disorder were predominant risk factors for MDD recurrence.",0.7179353833198547,"The risk factors for major depression during midlife among women with and without prior major depression can be both similar and different. Common risk factors for major depression include genetic predisposition, stressful life events, hormonal changes, and psychosocial factors. However, women with a history of prior major depression may have additional risk factors such as a higher genetic vulnerability, residual symptoms, or a history of inadequate treatment response. Therefore, while there are overlapping risk factors, the presence of prior major depression can introduce additional or heightened risk factors.

VERDICT: no","Step 1 — What biological mechanism or clinical concept is relevant here?

The relevant clinical concept here is the risk factors for major depression, particularly during midlife in women. Major depression is influenced by a combination of genetic, biological, environmental, and psychological factors. Hormonal changes during midlife, such as those associated with menopause, can also play a significant role. Additionally, prior history of depression is a known risk factor for future depressive episodes.

Step 2 — What does the evidence generally suggest?

Evidence suggests that women with a prior history of major depression are at a higher risk of experiencing subsequent depressive episodes. Common risk factors for major depression include genetic predisposition, stressful life events, lack of social support, and certain personality traits. For women in midlife, additional factors such as hormonal changes, chronic medical conditions, and psychosocial stressors (e.g., caregiving responsibilities, career transitions) may also contribute to the risk of depression. Studies often find that while some risk factors are shared between those with and without prior depression, the presence of a prior depressive episode itself is a significant risk factor for recurrence.

Step 3 — What is the most supported conclusion?

The most supported conclusion is that while there are common risk factors for major depression during midlife among women with and without prior depression, the presence of a prior depressive episode is a significant and distinct risk factor for future episodes. This suggests that while some risk factors may overlap, the history of depression itself differentiates the risk profiles between these two groups.

VERDICT: no","The evidence provided does not directly address whether the risk factors for major depression during midlife among women with and without prior major depression are the same or different. Source 1 mentions the evaluation of risk factors for first-onset or recurrent major depressive disorder (MDD) in women, but it does not provide specific findings or conclusions about whether these risk factors differ. Source 2 discusses gender differences in depression prevalence and symptom profiles but does not focus on midlife women or differentiate between those with and without prior depression. Source 3 examines menopausal transition and symptoms in relation to quality of life but does not specifically address risk factors for major depression or compare women with and without prior depression.

VERDICT: no","Step 1 — What do the retrieved sources say about this topic?

- Source 1 discusses the vulnerability of women to first lifetime-onset of major depressive disorder (MDD) during midlife and aims to evaluate whether risk factors differ for first-onset or recurrent MDD. It suggests that factors such as lifetime psychiatric and health histories, personality traits, menopausal status, and symptoms that vary over time could be independent risk factors for MDD.

- Source 2 examines gender differences in depression prevalence and incidence, focusing on whether symptom profiles might account for these differences. It does not directly address the comparison of risk factors for first-onset versus recurrent MDD.

- Source 3 investigates the role of menopausal transition and symptoms in relation to quality of life, including anxiety and depression, in middle-aged women. It does not specifically address the comparison of risk factors for first-onset versus recurrent MDD.

Step 2 — Do the sources agree or contradict each other?

The sources do not directly contradict each other, but they focus on different aspects of depression in women. Source 1 is the only one that directly addresses the question of whether risk factors for first-onset and recurrent MDD are the same or different. Source 2 and Source 3 provide context on gender differences in depression and the impact of menopausal transition on mental health, respectively, but do not specifically compare risk factors for first-onset versus recurrent MDD.

Step 3 — What is the most evidence-supported conclusion?

Based on the available evidence, Source 1 provides the most relevant information, suggesting that there are potentially different risk factors for first-onset and recurrent MDD in women during midlife. It highlights the importance of factors such as psychiatric and health histories, personality traits, and menopausal status, which may vary between those experiencing their first episode of MDD and those with recurrent episodes.

VERDICT: yes",no,no,no,yes,"[ 0.0302124   0.01239777  0.12255859 ...  0.02090454 -0.04629517
  0.00686264]","[ 0.04388428 -0.00400543  0.09368896 ...  0.02853394 -0.03204346
  0.01948547]","[ 0.05258179  0.01184845  0.10626221 ...  0.04870605 -0.04379272
  0.01403046]","[ 0.04202271  0.0047226   0.07244873 ...  0.04006958 -0.02685547
  0.0196228 ]","[ 0.03494263  0.00939941  0.10089111 ...  0.01766968 -0.02268982
  0.00417709]",0.742755651473999,1,0.7708740234375,0,0.7658664584159851,0,0.7911376953125,0
6,Does desflurane alter left ventricular function when used to control surgical stimulation during aortic surgery?,no,"Although desflurane is commonly used to control surgically induced hypertension, its effects on left ventricular (LV) function have not been investigated in this clinical situation. The purpose of the present study was to evaluate the LV function response to desflurane, when used to control intraoperative hypertension. In 50 patients, scheduled for vascular surgery, anesthesia was induced with sufentanil 0.5 microg/kg, midazolam 0.3 mg/kg and atracurium 0.5 mg/kg. After tracheal intubation, anesthesia was maintained with increments of drugs with controlled ventilation (N2O/O2=60/40%) until the start of surgery. A 5 Mhz transesophageal echocardiography (TEE) probe was inserted after intubation. Pulmonary artery catheter and TEE measurements were obtained after induction (to)(control value), at surgical incision (t1) if it was associated with an increase in systolic arterial pressure (SAP) greater than 140 mmHg (hypertension) and after control of hemodynamic parameters by administration of desflurane (return of systolic arterial pressure to within 20% of the control value) (t2) in a fresh gas flow of 31/ min. Sixteen patients developed hypertension at surgical incision. SAP was controlled by desflurane in all 16 patients. Afterload assessed by systemic vascular resistance index (SVRI), end-systolic wall-stress (ESWS) and left-ventricular stroke work index (LVSWI) increased with incision until the hypertension returned to post-induction values with mean end-tidal concentration of 5.1+/-0.7% desflurane. No change in heart rate, cardiac index, mean pulmonary arterial pressure, stroke volume, end-diastolic and end-systolic cross-sectional areas, fractional area change and left ventricular circumferential fiber shortening was noted when desflurane was added to restore blood pressure.","Although desflurane is commonly used to control surgically induced hypertension, its effects on left ventricular (LV) function have not been investigated in this clinical situation. The purpose of the present study was to evaluate the LV function response to desflurane, when used to control intraoperative hypertension. In 50 patients, scheduled for vascular surgery, anesthesia was induced with sufentanil 0.5 microg/kg, midazolam 0.3 mg/kg and atracurium 0.5 mg/kg. After tracheal intubation, anesthesia was maintained with increments of drugs with controlled ventilation (N2O/O2=60/40%) until the start of surgery. A 5 Mhz transesophageal echocardiography (TEE) probe was inserted after intubation. Pulmonary artery catheter and TEE measurements were obtained after induction (to)(control value), at surgical incision (t1) if it was associated with an increase in systolic arterial pressure (SAP) greater than 140 mmHg (hypertension) and after control of hemodynamic parameters by administration of desflurane (return of systolic arterial pressure to within 20% of the control value) (t2) in a fresh gas flow of 31/ min. Sixteen patients developed hypertension at surgical incision. SAP was controlled by desflurane in all 16 patients. Afterload assessed by systemic vascular resistance index (SVRI), end-systolic wall-stress (ESWS) and left-ventricular stroke work index (LVSWI) increased with incision until the hypertension returned to post-induction values with mean end-tidal concentration of 5.1+/-0.7% desflurane. No change in heart rate, cardiac index, mean pulmonary arterial pressure, stroke volume, end-diastolic and end-systolic cross-sectional areas, fractional area change and left ventricular circumferential fiber shortening was noted when desflurane was added to restore blood pressure.",0.7815533876419067,"Desflurane is a volatile anesthetic commonly used during surgeries, including aortic surgery, to control surgical stimulation. Its effects on cardiac function, particularly left ventricular function, have been studied. Desflurane can cause dose-dependent cardiovascular effects, including reductions in systemic vascular resistance and myocardial contractility. However, in clinical settings, desflurane is often used in combination with other anesthetic agents and techniques that can mitigate these effects. 

Studies have shown that while desflurane can cause transient changes in hemodynamics, such as decreases in blood pressure and cardiac output, these effects are generally well-tolerated and reversible. In the context of aortic surgery, where patients may have compromised cardiac function, careful monitoring and management are essential. Overall, while desflurane can influence left ventricular function, it does not typically cause significant or lasting alterations when used appropriately in a controlled surgical environment.

VERDICT: yes","Step 1 — What biological mechanism or clinical concept is relevant here?

Desflurane is a volatile anesthetic commonly used during surgeries to maintain anesthesia. It is known to have cardiovascular effects, including potential impacts on heart rate, blood pressure, and myocardial contractility. The left ventricular function is a critical aspect of cardiac performance, particularly during surgeries involving the aorta, as these procedures can significantly affect hemodynamics. Understanding how desflurane influences left ventricular function is essential for managing patients undergoing aortic surgery.

Step 2 — What does the evidence generally suggest?

The evidence on the effects of desflurane on left ventricular function is mixed but generally indicates that desflurane can have both depressant and stabilizing effects on cardiac function. Some studies suggest that desflurane may cause a mild reduction in myocardial contractility, which could alter left ventricular function. However, these effects are often dose-dependent and may be less pronounced compared to other anesthetics. Additionally, desflurane is known for its rapid onset and offset, which can be advantageous in managing hemodynamic stability during surgery. In the context of aortic surgery, maintaining stable hemodynamics is crucial, and desflurane's effects may be manageable with appropriate monitoring and dose adjustments.

Step 3 — What is the most supported conclusion?

The most supported conclusion is that while desflurane can alter left ventricular function due to its myocardial depressant effects, these changes are typically mild and can be managed effectively during aortic surgery. The anesthetic's rapid onset and offset allow for precise control of anesthesia depth, which can help mitigate potential negative impacts on cardiac function. Therefore, while desflurane does have the potential to alter left ventricular function, it is generally considered safe and effective for use in controlling surgical stimulation during aortic surgery when used appropriately.

VERDICT: yes","The provided evidence does not directly address the effects of desflurane on left ventricular function specifically during aortic surgery. Source 1 mentions a study evaluating left ventricular function response to desflurane in the context of controlling intraoperative hypertension during vascular surgery, but it does not specify aortic surgery or provide results on the effects. The other sources do not discuss desflurane or its effects on left ventricular function.

VERDICT: no","Step 1 — What do the retrieved sources say about this topic?
- Source 1 discusses the use of desflurane to control surgically induced hypertension and its effects on left ventricular (LV) function. However, it does not provide specific results or conclusions about the effects of desflurane on LV function during aortic surgery.
- Source 2 and Source 3 do not address the effects of desflurane on LV function. Source 2 focuses on advanced cardiac life support and selective aortic perfusion, while Source 3 discusses left atrial appendage occlusion therapy and its effects on echocardiography and ECG.

Step 2 — Do the sources agree or contradict each other?
- The sources do not provide overlapping information regarding the effects of desflurane on LV function during aortic surgery. Source 1 is the only one that mentions desflurane in the context of LV function, but it does not provide specific findings or conclusions.

Step 3 — What is the most evidence-supported conclusion?
- Based on the available evidence, there is no specific information or conclusion provided about the effects of desflurane on left ventricular function during aortic surgery. The sources do not offer sufficient data to determine whether desflurane alters LV function in this context.

VERDICT: no",yes,yes,no,no,"[-0.00926208  0.01451111 -0.00668335 ...  0.00232697  0.00640488
  0.0138855 ]","[-0.00453949  0.01570129 -0.00733948 ...  0.00687408  0.00175667
  0.02565002]","[-0.01541138  0.00714874 -0.0080719  ...  0.0096283   0.00632477
  0.0091095 ]","[-0.00836182 -0.0209198  -0.00654221 ...  0.01704407  0.00540161
  0.01293945]","[-0.03137207  0.01284027 -0.00334167 ... -0.00447464  0.0079422
 -0.01229095]",0.81258225440979,0,0.7865182161331177,0,0.7971904277801514,0,0.7706012725830078,0
7,Kell alloimmunization in pregnancy: associated with fetal thrombocytopenia?,no,"Kell haemolytic disease in pregnancies has been suggested to be associated with decreased fetal platelet counts. The aim of this study was to evaluate the incidence and clinical significance of fetal thrombocytopenia in pregnancies complicated by Kell alloimmunization. In this retrospective cohort study, fetal platelet counts were performed in 42 pregnancies with severe Kell alloimmunization prior to the first intrauterine blood transfusion. Platelet counts from 318 first intrauterine transfusions in RhD alloimmunized pregnancies were used as controls. Fetal thrombocytopenia (platelet count<150 x 10(9)/l) was found in 4/42 (10%) in the Kell group and in 84/318 (26%) in the RhD group. None of the fetuses in the Kell alloimmunized pregnancies, including 15 with severe hydrops, had a clinically significant thrombocytopenia defined as a platelet count<50 x 10(9)/l. In the RhD alloimmunized pregnancies, 2/230 (1%) of the non-hydropic fetuses and 7/30 (23%) of the severely hydropic fetuses had a clinically significant thrombocytopenia.","Kell haemolytic disease in pregnancies has been suggested to be associated with decreased fetal platelet counts. The aim of this study was to evaluate the incidence and clinical significance of fetal thrombocytopenia in pregnancies complicated by Kell alloimmunization. In this retrospective cohort study, fetal platelet counts were performed in 42 pregnancies with severe Kell alloimmunization prior to the first intrauterine blood transfusion. Platelet counts from 318 first intrauterine transfusions in RhD alloimmunized pregnancies were used as controls. Fetal thrombocytopenia (platelet count<150 x 10(9)/l) was found in 4/42 (10%) in the Kell group and in 84/318 (26%) in the RhD group. None of the fetuses in the Kell alloimmunized pregnancies, including 15 with severe hydrops, had a clinically significant thrombocytopenia defined as a platelet count<50 x 10(9)/l. In the RhD alloimmunized pregnancies, 2/230 (1%) of the non-hydropic fetuses and 7/30 (23%) of the severely hydropic fetuses had a clinically significant thrombocytopenia.",0.731793999671936,"Kell alloimmunization in pregnancy is primarily associated with hemolytic disease of the fetus and newborn (HDFN) due to the destruction of fetal red blood cells by maternal antibodies against the Kell antigen. This can lead to fetal anemia and hydrops fetalis. While thrombocytopenia can occur in the context of HDFN, it is not a direct or primary consequence of Kell alloimmunization. Thrombocytopenia is more commonly associated with other conditions, such as alloimmune thrombocytopenia, which involves antibodies against platelet antigens rather than red blood cell antigens like Kell.

VERDICT: no","Step 1 — What biological mechanism or clinical concept is relevant here?

Kell alloimmunization occurs when a pregnant woman develops antibodies against the Kell antigen present on the red blood cells of the fetus. This typically happens when the mother is Kell-negative and the fetus is Kell-positive, having inherited the antigen from the father. The primary concern with Kell alloimmunization is hemolytic disease of the fetus and newborn (HDFN), where maternal antibodies cross the placenta and destroy fetal red blood cells, leading to anemia. The Kell antigen is primarily expressed on erythroid progenitor cells, and the destruction of these cells can lead to severe fetal anemia.

Step 2 — What does the evidence generally suggest?

The evidence suggests that Kell alloimmunization is primarily associated with fetal anemia due to the destruction of red blood cells. Unlike other blood group incompatibilities, such as RhD, Kell antibodies can suppress erythropoiesis (the production of red blood cells) in the fetus, leading to more severe anemia. However, the literature does not commonly associate Kell alloimmunization with fetal thrombocytopenia (low platelet count). Thrombocytopenia is more commonly associated with other conditions, such as alloimmune thrombocytopenia, which involves antibodies against platelet antigens, not red blood cell antigens like Kell.

Step 3 — What is the most supported conclusion?

Based on the biological mechanism and the evidence, Kell alloimmunization is primarily associated with fetal anemia due to the destruction of red blood cells and suppression of erythropoiesis. There is no strong evidence linking Kell alloimmunization directly to fetal thrombocytopenia. The primary concern remains the management of fetal anemia rather than thrombocytopenia.

VERDICT: no","The evidence from Source 1 suggests that Kell alloimmunization in pregnancies is associated with decreased fetal platelet counts, indicating a potential link to fetal thrombocytopenia. The study specifically evaluated fetal platelet counts in pregnancies complicated by severe Kell alloimmunization and found an incidence of fetal thrombocytopenia prior to the first intrauterine blood transfusion.

VERDICT: yes","Step 1 — What do the retrieved sources say about this topic?
- Source 1 discusses Kell haemolytic disease in pregnancies and its association with decreased fetal platelet counts. It specifically evaluates the incidence and clinical significance of fetal thrombocytopenia in pregnancies complicated by Kell alloimmunization. The study involved measuring fetal platelet counts in pregnancies with severe Kell alloimmunization and compared them to controls from RhD alloimmunized pregnancies.

Step 2 — Do the sources agree or contradict each other?
- Only Source 1 directly addresses the question of Kell alloimmunization and its association with fetal thrombocytopenia. The other sources do not provide relevant information on this specific topic. Therefore, there is no contradiction among the sources, as only one source is relevant.

Step 3 — What is the most evidence-supported conclusion?
- Based on Source 1, there is evidence suggesting that Kell alloimmunization in pregnancy is associated with fetal thrombocytopenia. The study specifically aimed to evaluate this association and found decreased fetal platelet counts in pregnancies complicated by Kell alloimmunization.

VERDICT: yes",no,no,yes,yes,"[-0.04498291 -0.00116348  0.05633545 ...  0.04391479 -0.00053644
  0.01399231]","[-0.01864624  0.01596069  0.04608154 ...  0.04464722 -0.02204895
  0.02493286]","[ 0.00196457  0.01053619  0.01950073 ...  0.04296875 -0.01626587
  0.03695679]","[-0.00926208  0.01263428  0.03887939 ...  0.05023193 -0.01223755
  0.03591919]","[ 0.00097942  0.02258301  0.04504395 ...  0.03433228 -0.00858307
  0.02111816]",0.7952603101730347,0,0.7980026006698608,0,0.837371826171875,0,0.8328680396080017,0
8,Does confined placental mosaicism account for adverse perinatal outcomes in IVF pregnancies?,no,"IVF singletons have poorer perinatal outcomes than singletons from spontaneous conceptions. This may be due to the influence of ovarian stimulation on the chromosomal constitution of the embryos which could be translated into localized chromosomal anomalies in the placenta. The aim of this study was to compare the incidence of confined placental mosaicism (CPM) in IVF/ICSI pregnancies and spontaneous conceptions. We conducted a multi-centre retrospective analysis of karyotype results obtained by chorionic villus sampling (CVS), performed due to advanced maternal age (>or=36 years at 18 weeks of gestation), in the Netherlands between 1995 and 2005. From a total of 322 246 pregnancies, 20 885 CVS results were analysed: 235 in the IVF/ICSI group and 20 650 in the control group. The mean age of women in both groups was 38.4 years (mean difference -0.08, 95% CI -0.35 to 0.18). Data relating to the fetal karyotype were missing in 143 cases in the control group. When taking into account missing data, the incidence of CPM was lower in the IVF-ICSI group than in the control group, 1.3% versus 2.2% (odds ratio 0.59, 95% CI 0.19-1.85), whereas the incidence of fetal chromosomal anomalies was increased 4.3% versus 2.4% (odds ratio 1.81, 95% CI 0.95-3.42). Neither differences were statistically significant.","IVF singletons have poorer perinatal outcomes than singletons from spontaneous conceptions. This may be due to the influence of ovarian stimulation on the chromosomal constitution of the embryos which could be translated into localized chromosomal anomalies in the placenta. The aim of this study was to compare the incidence of confined placental mosaicism (CPM) in IVF/ICSI pregnancies and spontaneous conceptions. We conducted a multi-centre retrospective analysis of karyotype results obtained by chorionic villus sampling (CVS), performed due to advanced maternal age (>or=36 years at 18 weeks of gestation), in the Netherlands between 1995 and 2005. From a total of 322 246 pregnancies, 20 885 CVS results were analysed: 235 in the IVF/ICSI group and 20 650 in the control group. The mean age of women in both groups was 38.4 years (mean difference -0.08, 95% CI -0.35 to 0.18). Data relating to the fetal karyotype were missing in 143 cases in the control group. When taking into account missing data, the incidence of CPM was lower in the IVF-ICSI group than in the control group, 1.3% versus 2.2% (odds ratio 0.59, 95% CI 0.19-1.85), whereas the incidence of fetal chromosomal anomalies was increased 4.3% versus 2.4% (odds ratio 1.81, 95% CI 0.95-3.42). Neither differences were statistically significant.",0.7148885726928711,"Confined placental mosaicism (CPM) refers to the presence of chromosomal abnormalities in the placenta that are not present in the fetus. It has been associated with various adverse perinatal outcomes, such as intrauterine growth restriction (IUGR), preterm birth, and low birth weight. In the context of in vitro fertilization (IVF) pregnancies, CPM can occur and potentially contribute to these adverse outcomes. Studies have shown that CPM is more frequently observed in IVF pregnancies compared to naturally conceived pregnancies, which may be due to the manipulation of embryos and the culture environment during IVF procedures. Therefore, CPM can indeed account for adverse perinatal outcomes in IVF pregnancies.

VERDICT: yes","Step 1 — What biological mechanism or clinical concept is relevant here?

Confined placental mosaicism (CPM) refers to a condition where there is a discrepancy between the chromosomal makeup of the placenta and the fetus. This can occur when some cells in the placenta have a different genetic composition than the cells in the fetus. CPM can arise from errors during cell division in early embryonic development. It is relevant to consider CPM in the context of in vitro fertilization (IVF) pregnancies because the manipulation of embryos and the conditions of IVF might influence the occurrence of chromosomal abnormalities, including CPM.

Step 2 — What does the evidence generally suggest?

Evidence suggests that CPM can be associated with adverse perinatal outcomes, such as intrauterine growth restriction (IUGR), preterm birth, and low birth weight. In IVF pregnancies, the incidence of CPM might be higher due to the increased likelihood of chromosomal abnormalities in embryos used for IVF. Studies have shown that CPM can lead to complications because the placenta may not function optimally, affecting nutrient and oxygen delivery to the fetus. However, the extent to which CPM specifically contributes to adverse outcomes in IVF pregnancies compared to naturally conceived pregnancies is still under investigation.

Step 3 — What is the most supported conclusion?

The most supported conclusion is that CPM can indeed account for some adverse perinatal outcomes in IVF pregnancies. While not all adverse outcomes in IVF pregnancies are due to CPM, the presence of CPM is a known risk factor that can contribute to complications. The evidence indicates that CPM is more prevalent in IVF pregnancies and can lead to issues such as IUGR and preterm birth, which are adverse perinatal outcomes.

VERDICT: yes","The evidence provided in Source 1 suggests that IVF singletons have poorer perinatal outcomes compared to singletons from spontaneous conceptions, potentially due to the influence of ovarian stimulation on the chromosomal constitution of the embryos. This influence could lead to localized chromosomal anomalies in the placenta, such as confined placental mosaicism (CPM). The study aimed to compare the incidence of CPM in IVF/ICSI pregnancies and spontaneous conceptions, implying a possible link between CPM and adverse perinatal outcomes in IVF pregnancies. However, the evidence does not explicitly confirm that CPM accounts for these adverse outcomes, only that it may be a contributing factor.

VERDICT: no","Step 1 — What do the retrieved sources say about this topic?
- Source 1 discusses the potential influence of ovarian stimulation on the chromosomal constitution of embryos in IVF pregnancies, which could lead to localized chromosomal anomalies in the placenta, such as confined placental mosaicism (CPM). The study aimed to compare the incidence of CPM in IVF/ICSI pregnancies and spontaneous conceptions, suggesting a possible link between CPM and poorer perinatal outcomes in IVF singletons.
- Source 2 and Source 3 do not directly address confined placental mosaicism or its impact on perinatal outcomes in IVF pregnancies. Source 2 focuses on the mode of delivery after ART, and Source 3 examines uteroplacental circulation and its correlation with adverse pregnancy outcomes, but neither specifically mentions CPM.

Step 2 — Do the sources agree or contradict each other?
- The sources do not directly contradict each other, but they do not all address the same topic. Only Source 1 is relevant to the question of whether CPM accounts for adverse perinatal outcomes in IVF pregnancies. Source 2 and Source 3 provide information on related topics but do not discuss CPM.

Step 3 — What is the most evidence-supported conclusion?
- Based on the available evidence, only Source 1 provides relevant information suggesting that CPM could be a factor in the poorer perinatal outcomes observed in IVF pregnancies. However, it does not provide conclusive evidence that CPM is the definitive cause of these outcomes, only that it may be a contributing factor.

Final verdict:
VERDICT: yes",yes,yes,no,yes,"[ 0.04946899  0.04391479  0.06573486 ... -0.00089788  0.02488708
  0.02120972]","[ 0.04464722  0.04681396  0.06298828 ... -0.00205421  0.01385498
  0.03262329]","[ 0.06451416  0.0045433   0.0682373  ...  0.00570297 -0.00251579
  0.0241394 ]",[0.04394531 0.02601624 0.06210327 ... 0.01721191 0.01071167 0.04217529],"[ 0.03695679  0.02058411  0.07879639 ...  0.00189304 -0.00413895
  0.02349854]",0.7602264881134033,0,0.740482747554779,1,0.8297848701477051,0,0.7331576347351074,1
9,Do cytokines have any role in epilepsy?,yes,"We analyzed cytokines levels in patients with epilepsy and new onset seizure and correlated it with various parameters. After obtaining consent, serum samples from 100 patients with epilepsy or new onset seizure were prospectively collected in the immediate post-ictal phase. In 16 patients, a second sample was collected during the seizure-free period. The serum cytokine levels [TNF-alpha, IFN-gamma, IL-1beta, IL-2, IL-4, and IL-6] were assessed (ELISA) in these patients and 100 matched healthy controls. CSF analysis was carried out in 9 patients of this cohort, when clinically indicated. The type of seizures (n=100) was major (45), partial (41) and status epilepticus (SE=14), while the epilepsy syndromes were idiopathic generalized (53) and localization related (47). The detectable serum cytokines in the patient group (n=100) were: IL-6 (42), TNF-alpha (36), IL-2 (22), IL-4 (22), IFN-gamma (20) and IL-1 (11) compared to the controls. CSF IL-6 and IL-1 was detectable in 4/9 and 2/9 patients, respectively while, IL-2, IL-4, IFN-gamma was detectable 1 in each patient. Correlations were noted between male gender and IL-1beta (p=0.04), positive family history and IL-1beta (p=0.001), ""no alcohol use"" and TNF-alpha (p=0.05), more than one year history of epilepsy and IL-1beta (p=0.02), status epilepticus (SE) and IL-6 (p=0.04). There was no difference between the new onset seizures vs. epilepsy group. Serial analysis during the seizure-free period revealed a decrease in cytokine levels: TNF-alpha (25% to 12.5%), IFN-gamma (12.5% to 0%), IL-1 (25% to 0) and IL-2 (6.2% to 6.2%), IL-4 (18.8% to 0%) and IL-6 (18.8% to 6.2%).","We analyzed cytokines levels in patients with epilepsy and new onset seizure and correlated it with various parameters. After obtaining consent, serum samples from 100 patients with epilepsy or new onset seizure were prospectively collected in the immediate post-ictal phase. In 16 patients, a second sample was collected during the seizure-free period. The serum cytokine levels [TNF-alpha, IFN-gamma, IL-1beta, IL-2, IL-4, and IL-6] were assessed (ELISA) in these patients and 100 matched healthy controls. CSF analysis was carried out in 9 patients of this cohort, when clinically indicated. The type of seizures (n=100) was major (45), partial (41) and status epilepticus (SE=14), while the epilepsy syndromes were idiopathic generalized (53) and localization related (47). The detectable serum cytokines in the patient group (n=100) were: IL-6 (42), TNF-alpha (36), IL-2 (22), IL-4 (22), IFN-gamma (20) and IL-1 (11) compared to the controls. CSF IL-6 and IL-1 was detectable in 4/9 and 2/9 patients, respectively while, IL-2, IL-4, IFN-gamma was detectable 1 in each patient. Correlations were noted between male gender and IL-1beta (p=0.04), positive family history and IL-1beta (p=0.001), ""no alcohol use"" and TNF-alpha (p=0.05), more than one year history of epilepsy and IL-1beta (p=0.02), status epilepticus (SE) and IL-6 (p=0.04). There was no difference between the new onset seizures vs. epilepsy group. Serial analysis during the seizure-free period revealed a decrease in cytokine levels: TNF-alpha (25% to 12.5%), IFN-gamma (12.5% to 0%), IL-1 (25% to 0) and IL-2 (6.2% to 6.2%), IL-4 (18.8% to 0%) and IL-6 (18.8% to 6.2%).",0.6594588160514832,"Yes, cytokines do have a role in epilepsy. Cytokines are signaling proteins that mediate and regulate immunity, inflammation, and hematopoiesis. In the context of epilepsy, research has shown that pro-inflammatory cytokines such as interleukin-1β (IL-1β), tumor necrosis factor-alpha (TNF-α), and interleukin-6 (IL-6) are often elevated in the brain and cerebrospinal fluid of individuals with epilepsy. These cytokines can contribute to the pathophysiology of epilepsy by promoting neuroinflammation, which can lead to neuronal hyperexcitability and seizure activity. Additionally, anti-inflammatory treatments targeting cytokines have been explored as potential therapeutic strategies for epilepsy, further supporting their role in the condition.

VERDICT: yes","Step 1 — What biological mechanism or clinical concept is relevant here?

Cytokines are small proteins that are crucial in cell signaling. They are involved in the immune response and can influence inflammation. In the context of epilepsy, inflammation in the brain is a significant area of interest because it can affect neuronal excitability and potentially contribute to the development or exacerbation of seizures.

Step 2 — What does the evidence generally suggest?

Research has shown that cytokines are involved in the pathophysiology of epilepsy. Elevated levels of pro-inflammatory cytokines, such as interleukin-1β (IL-1β), tumor necrosis factor-alpha (TNF-α), and interleukin-6 (IL-6), have been observed in the brains of individuals with epilepsy. These cytokines can alter neuronal excitability and synaptic transmission, potentially leading to seizures. Additionally, animal models of epilepsy have demonstrated that manipulating cytokine levels can influence seizure susceptibility and severity.

Step 3 — What is the most supported conclusion?

The evidence supports the role of cytokines in the pathophysiology of epilepsy. They appear to contribute to the inflammatory processes that can exacerbate or potentially initiate seizures. This suggests that targeting cytokine pathways might be a therapeutic strategy for managing epilepsy.

VERDICT: yes","The evidence from Source 1 indicates that cytokine levels were analyzed in patients with epilepsy and new onset seizures. The study involved measuring serum cytokine levels (TNF-alpha, IFN-gamma, IL-1beta, IL-2, IL-4, and IL-6) in these patients and comparing them to healthy controls. This suggests that there is an interest in understanding the role of cytokines in epilepsy, implying that cytokines may have a role in the condition.

VERDICT: yes","Step 1 — What do the retrieved sources say about this topic?
- Source 1 discusses the analysis of cytokine levels in patients with epilepsy and new onset seizures. It mentions that serum cytokine levels, including TNF-alpha, IFN-gamma, IL-1beta, IL-2, IL-4, and IL-6, were assessed in patients and compared to healthy controls. This suggests that cytokines are being studied in the context of epilepsy, implying a potential role or association.
- Source 2 and Source 3 do not provide information directly related to cytokines and epilepsy. Source 2 focuses on mossy fibers and their role in seizure generation, while Source 3 discusses the FDA's communication about suicidality risks associated with antiepileptic drugs.

Step 2 — Do the sources agree or contradict each other?
- Source 1 is the only source that directly addresses the role of cytokines in epilepsy. The other sources do not provide information on cytokines, so there is no contradiction or agreement to assess between the sources on this specific topic.

Step 3 — What is the most evidence-supported conclusion?
- Based on Source 1, there is evidence that cytokines are being studied in relation to epilepsy, suggesting they may have a role or association with the condition. The study of cytokine levels in patients with epilepsy compared to healthy controls indicates that researchers are investigating their potential involvement in the disease process.

Final verdict:
VERDICT: yes",yes,yes,yes,yes,"[-0.0213623  -0.00048757 -0.02694702 ...  0.01124573 -0.03103638
  0.01028442]","[-0.01667786 -0.0054512  -0.02580261 ...  0.01783752 -0.03097534
  0.01235199]","[-0.00990295 -0.01529694 -0.037323   ...  0.01795959 -0.02935791
  0.01079559]","[-0.01335907 -0.02250671 -0.02619934 ...  0.046875   -0.034729
  0.02061462]","[-0.02923584 -0.02926636 -0.01172638 ...  0.00807953 -0.02877808
  0.01548004]",0.7103441953659058,1,0.7022339105606079,1,0.8226195573806763,0,0.748089611530304,1
10,May student examiners be reasonable substitute examiners for faculty in an undergraduate OSCE on medical emergencies?,yes,"To compare the effect of student examiners (SE) to that of faculty examiners (FE) on examinee performance in an OSCE as well as on post-assessment evaluation in the area of emergency medicine management. An OSCE test-format (seven stations: Advanced Cardiac Life Support (ACLS), Basic Life Support (BLS), Trauma-Management (TM), Pediatric-Emergencies (PE), Acute-Coronary-Syndrome (ACS), Airway-Management (AM), and Obstetrical-Emergencies (OE)) was administered to 207 medical students in their third year of training after they had received didactics in emergency medicine management. Participants were randomly assigned to one of the two simultaneously run tracks: either with SE (n = 110) or with FE (n = 98). Students were asked to rate each OSCE station and to provide their overall OSCE perception by means of a standardized questionnaire. The independent samples t-test was used and effect sizes were calculated (Cohens d). Students achieved significantly higher scores for the OSCE stations ""TM"", ""AM"", and ""OE"" as well as ""overall OSCE score"" in the SE track, whereas the station score for ""PE"" was significantly higher for students in the FE track. Mostly small effect sizes were reported. In the post-assessment evaluation portion of the study, students gave significant higher ratings for the ACS station and ""overall OSCE evaluation"" in the FE track; also with small effect sizes.","To compare the effect of student examiners (SE) to that of faculty examiners (FE) on examinee performance in an OSCE as well as on post-assessment evaluation in the area of emergency medicine management. An OSCE test-format (seven stations: Advanced Cardiac Life Support (ACLS), Basic Life Support (BLS), Trauma-Management (TM), Pediatric-Emergencies (PE), Acute-Coronary-Syndrome (ACS), Airway-Management (AM), and Obstetrical-Emergencies (OE)) was administered to 207 medical students in their third year of training after they had received didactics in emergency medicine management. Participants were randomly assigned to one of the two simultaneously run tracks: either with SE (n = 110) or with FE (n = 98). Students were asked to rate each OSCE station and to provide their overall OSCE perception by means of a standardized questionnaire. The independent samples t-test was used and effect sizes were calculated (Cohens d). Students achieved significantly higher scores for the OSCE stations ""TM"", ""AM"", and ""OE"" as well as ""overall OSCE score"" in the SE track, whereas the station score for ""PE"" was significantly higher for students in the FE track. Mostly small effect sizes were reported. In the post-assessment evaluation portion of the study, students gave significant higher ratings for the ACS station and ""overall OSCE evaluation"" in the FE track; also with small effect sizes.",0.6627458930015564,"The use of student examiners as substitutes for faculty in an Objective Structured Clinical Examination (OSCE) on medical emergencies can be considered reasonable under certain conditions. Research has shown that senior medical students or those with adequate training can effectively assess their peers in OSCE settings. These students often have recent experience with the examination format and can provide relevant feedback. However, the effectiveness of student examiners depends on their training, the complexity of the scenarios, and the level of oversight by faculty. If student examiners are well-prepared and supervised, they can serve as reasonable substitutes for faculty in specific contexts.

VERDICT: yes","Step 1 — What biological mechanism or clinical concept is relevant here?

The relevant concept here is the Objective Structured Clinical Examination (OSCE), which is a type of examination used in health sciences education to assess students' clinical skills, including their ability to handle medical emergencies. The OSCE typically involves a series of stations where students must demonstrate their competence in various clinical tasks. The role of the examiner is crucial in assessing the student's performance accurately and consistently. The question is whether student examiners can effectively substitute for faculty examiners in this context.

Step 2 — What does the evidence generally suggest?

Evidence on the use of student examiners in OSCEs is mixed but generally suggests that with proper training, student examiners can be effective in certain contexts. Studies have shown that peer assessment can be reliable and valid, particularly when the criteria are clear and the student examiners are well-trained. However, the complexity and high stakes of medical emergencies might require more experienced examiners to ensure accurate assessment and feedback. Faculty examiners typically have more clinical experience and may be better equipped to evaluate nuanced clinical skills and decision-making processes.

Step 3 — What is the most supported conclusion?

While student examiners can be a reasonable substitute in some educational settings, the specific context of assessing medical emergencies in an OSCE may require the expertise and experience of faculty examiners. The stakes are higher in medical emergencies, and the ability to accurately assess a student's performance in these scenarios is critical. Faculty examiners are likely to have more experience and a deeper understanding of the clinical nuances involved, which can lead to more accurate and reliable assessments.

VERDICT: no","The evidence provided does not directly address whether student examiners can be reasonable substitutes for faculty examiners in an undergraduate OSCE on medical emergencies. Source 1 mentions a comparison between student examiners and faculty examiners in an OSCE setting but does not provide any results or conclusions from the study. Source 2 discusses the use of remote examiners in OSCEs but does not mention student examiners. Source 3 focuses on the curriculum for emergency medicine education and does not address the use of student examiners in OSCEs. Therefore, based on the provided abstracts, there is no evidence to support or refute the use of student examiners as substitutes for faculty examiners in this context.

VERDICT: no","Step 1 — What do the retrieved sources say about this topic?
- Source 1 discusses a study comparing the effect of student examiners (SE) to faculty examiners (FE) on examinee performance in an OSCE focused on emergency medicine management. However, the abstract does not provide specific results or conclusions about the effectiveness or feasibility of student examiners as substitutes for faculty examiners.
- Source 2 explores the use of remote physician-examiners in an OSCE, aiming to bridge the gap in distributed medical education. It does not directly address the use of student examiners but rather focuses on remote examination technology.
- Source 3 is about establishing a core curriculum for undergraduate Emergency Medicine education and does not discuss the use of student examiners in OSCEs.

Step 2 — Do the sources agree or contradict each other?
- The sources do not directly address the same question. Source 1 is the only one that mentions student examiners in the context of an OSCE, but it does not provide specific conclusions. Source 2 and Source 3 do not discuss student examiners at all, focusing instead on remote examiners and curriculum development, respectively.

Step 3 — What is the most evidence-supported conclusion?
- Since Source 1 is the only source that mentions student examiners in the context of an OSCE, and it does not provide specific results or conclusions, there is insufficient evidence to determine whether student examiners can be reasonable substitutes for faculty examiners in an undergraduate OSCE on medical emergencies.

VERDICT: no",yes,no,no,no,"[-0.00613022  0.03086853 -0.00229454 ... -0.00854492 -0.02363586
 -0.00470734]","[-0.00859833  0.02006531 -0.0117569  ... -0.00715256 -0.02641296
  0.01304626]","[-0.02957153  0.01499176 -0.00333595 ... -0.00847626 -0.02539062
  0.00484085]","[-0.02914429 -0.00050831  0.01180267 ...  0.00069427 -0.029953
  0.01107025]","[-0.00947571 -0.0102005   0.02406311 ... -0.00876617 -0.00495148
  0.00953674]",0.7122088074684143,1,0.7196928262710571,1,0.7076914310455322,1,0.7174851894378662,1
11,Does topical N-acetylcysteine application after myringotomy cause severe otorrhea?,yes,"The effect of topical N-acetylcysteine (NAC) application was investigated on the healing of acute experimental tympanic membrane perforations. Twenty guinea pigs were used in this study. Under intraperitoneal ketamine anesthesia, incisional myringotomies were performed in the posterosuperior quadrant of the tympanic membranes with a straight otologic hook. The diameter of the perforations was approximately 2 mm. Perforations in both ears were treated with freshly prepared sponges soaked in either 0.1 ml 0.9% NaCl solution (10 control animals) or 0.6 mg/0.1 ml NAC (10 animals) for three consecutive days. All the tympanic membranes were examined by otomicroscopy on the third, fifth, seventh, and ninth days. In the control group, all the perforations were completely closed at the end of nine days. During the same period, only 40% of the perforations were completely closed in the NAC group. The remaining ears exhibited otorrhea by the third day.","The effect of topical N-acetylcysteine (NAC) application was investigated on the healing of acute experimental tympanic membrane perforations. Twenty guinea pigs were used in this study. Under intraperitoneal ketamine anesthesia, incisional myringotomies were performed in the posterosuperior quadrant of the tympanic membranes with a straight otologic hook. The diameter of the perforations was approximately 2 mm. Perforations in both ears were treated with freshly prepared sponges soaked in either 0.1 ml 0.9% NaCl solution (10 control animals) or 0.6 mg/0.1 ml NAC (10 animals) for three consecutive days. All the tympanic membranes were examined by otomicroscopy on the third, fifth, seventh, and ninth days. In the control group, all the perforations were completely closed at the end of nine days. During the same period, only 40% of the perforations were completely closed in the NAC group. The remaining ears exhibited otorrhea by the third day.",0.6275032758712769,"Topical N-acetylcysteine (NAC) is sometimes used in otologic procedures due to its mucolytic and antioxidant properties. However, there is limited specific evidence directly linking the use of topical NAC after myringotomy to severe otorrhea. Otorrhea, or ear discharge, can occur after myringotomy due to various reasons, including infection or inflammation, but there is no strong evidence suggesting that NAC specifically causes severe otorrhea as a side effect. 

VERDICT: no","Step 1 — What biological mechanism or clinical concept is relevant here?

Myringotomy is a surgical procedure that involves making an incision in the eardrum to relieve pressure or drain fluid. Otorrhea refers to ear discharge, which can occur after myringotomy due to infection or inflammation. N-acetylcysteine (NAC) is an antioxidant and mucolytic agent that can be applied topically. It is known for its ability to break down mucus and has anti-inflammatory properties. The concern here is whether the application of NAC could exacerbate or cause severe otorrhea following myringotomy.

Step 2 — What does the evidence generally suggest?

The evidence regarding the use of topical N-acetylcysteine in the ear, particularly after myringotomy, is limited. However, NAC is generally considered safe and is used in various medical applications due to its antioxidant properties. There is no strong evidence suggesting that NAC causes severe otorrhea when applied topically in the ear. In fact, its mucolytic and anti-inflammatory properties might theoretically reduce the risk of complications like infection or excessive discharge. Clinical studies specifically investigating NAC's effects post-myringotomy are sparse, but the general safety profile of NAC does not indicate a high risk of severe otorrhea.

Step 3 — What is the most supported conclusion?

Given the lack of specific evidence linking topical NAC application to severe otorrhea after myringotomy, and considering its known safety and therapeutic properties, it is unlikely that NAC would cause severe otorrhea. The theoretical benefits of reducing inflammation and mucus could potentially mitigate the risk of otorrhea rather than exacerbate it.

VERDICT: no","The provided evidence does not contain any information regarding the occurrence of severe otorrhea following the application of topical N-acetylcysteine (NAC) after myringotomy. Source 1 discusses the use of NAC in the context of tympanic membrane perforations in guinea pigs but does not mention otorrhea as an outcome. The other sources focus on different topics related to ENT procedures and do not address NAC or its effects.

VERDICT: no","Step 1 — What do the retrieved sources say about this topic?
- Source 1 discusses the use of topical N-acetylcysteine (NAC) on tympanic membrane perforations in guinea pigs. However, the abstract does not mention any outcomes related to otorrhea, severe or otherwise, following the application of NAC.
- Source 2 and Source 3 do not address the use of NAC or its effects on otorrhea. They focus on different topics related to ENT procedures and outcomes.

Step 2 — Do the sources agree or contradict each other?
- The sources do not provide information that directly agrees or contradicts each other regarding the effect of NAC on otorrhea. Source 1 is the only one that mentions NAC, but it does not provide information on otorrhea. Sources 2 and 3 are unrelated to the question.

Step 3 — What is the most evidence-supported conclusion?
- There is no evidence in the provided abstracts that addresses whether topical N-acetylcysteine application after myringotomy causes severe otorrhea. The available information does not mention otorrhea as an outcome of NAC application.

VERDICT: no",no,no,no,no,"[-0.00370979  0.0297699   0.00062895 ...  0.00431442  0.01320648
  0.00485992]","[ 0.003088    0.02946472  0.0042038  ... -0.01020813  0.01438141
  0.01370239]","[-0.00974274  0.02006531  0.00348473 ... -0.00859833  0.02684021
  0.01016235]","[-0.02163696  0.00253677  0.03408813 ...  0.00534439  0.02687073
  0.0107193 ]","[-0.02947998  0.01006317  0.04980469 ... -0.01992798  0.02758789
 -0.00920868]",0.6931586265563965,1,0.6595826745033264,1,0.7568223476409912,0,0.739101767539978,1
12,Does septoplasty change the dimensions of compensatory hypertrophy of the middle turbinate?,no,"To measure the dimensions of compensatory hypertrophy of the middle turbinate in patients with nasal septal deviation, before and after septoplasty. The mucosal and bony structures of the middle turbinate and the angle of the septum were measured using radiological analysis before septoplasty and at least one year after septoplasty. All pre- and post-operative measurements of the middle turbinate were compared using the paired sample t-test and Wilcoxon rank sum test. The dimensions of bony and mucosal components of the middle turbinate on concave and convex sides of the septum were not significantly changed by septoplasty. There was a significant negative correlation after septoplasty between the angle of the septum and the middle turbinate total area on the deviated side (p = 0.033).","To measure the dimensions of compensatory hypertrophy of the middle turbinate in patients with nasal septal deviation, before and after septoplasty. The mucosal and bony structures of the middle turbinate and the angle of the septum were measured using radiological analysis before septoplasty and at least one year after septoplasty. All pre- and post-operative measurements of the middle turbinate were compared using the paired sample t-test and Wilcoxon rank sum test. The dimensions of bony and mucosal components of the middle turbinate on concave and convex sides of the septum were not significantly changed by septoplasty. There was a significant negative correlation after septoplasty between the angle of the septum and the middle turbinate total area on the deviated side (p = 0.033).",0.7865737676620483,"Septoplasty is a surgical procedure aimed at correcting a deviated nasal septum. When the septum is deviated, it can cause compensatory hypertrophy of the turbinates, particularly the inferior and sometimes the middle turbinates, on the opposite side of the deviation. The goal of septoplasty is to improve nasal airflow by straightening the septum, which can lead to changes in the airflow dynamics within the nasal cavity.

Studies have shown that septoplasty can lead to a reduction in the size of compensatory hypertrophy of the turbinates, including the middle turbinate. This is because the improved airflow and reduced obstruction can lead to a decrease in the compensatory response that caused the hypertrophy in the first place. However, the extent of change in the middle turbinate specifically can vary depending on individual anatomical and physiological factors.

In summary, septoplasty can change the dimensions of compensatory hypertrophy of the middle turbinate, although the degree of change may vary.

VERDICT: yes","Step 1 — What biological mechanism or clinical concept is relevant here?

Septoplasty is a surgical procedure aimed at correcting a deviated nasal septum, which can cause nasal obstruction. Compensatory hypertrophy of the middle turbinate occurs when the turbinate enlarges to compensate for the reduced airflow on the side of the nasal cavity opposite to the deviation. The concept here is whether correcting the septal deviation through septoplasty can lead to changes in the size or dimensions of the hypertrophied middle turbinate.

Step 2 — What does the evidence generally suggest?

The evidence on this topic is somewhat mixed, but several studies suggest that septoplasty can lead to changes in the dimensions of the middle turbinate. The rationale is that by correcting the septal deviation, the airflow dynamics within the nasal cavity are altered, potentially reducing the need for compensatory hypertrophy. Some studies have reported a decrease in the size of the middle turbinate following septoplasty, while others have noted no significant change. The variability in findings may be due to differences in study design, measurement techniques, and patient populations.

Step 3 — What is the most supported conclusion?

Considering the available evidence, it appears that septoplasty can lead to changes in the dimensions of the middle turbinate in some patients, particularly when the hypertrophy is primarily compensatory. However, this is not a universal outcome, and the degree of change may vary. The evidence suggests that while septoplasty has the potential to alter the dimensions of the middle turbinate, it is not guaranteed in every case.

VERDICT: yes","The evidence provided in Source 1 specifically addresses the question of whether septoplasty changes the dimensions of compensatory hypertrophy of the middle turbinate. According to the study, the dimensions of the bony and mucosal components of the middle turbinate on both the concave and convex sides of the septum were measured before and after septoplasty. The results indicated that there were no significant changes in these dimensions post-operatively.

VERDICT: no","Step 1 — What do the retrieved sources say about this topic?
- Source 1 investigates the dimensions of compensatory hypertrophy of the middle turbinate in patients with nasal septal deviation, before and after septoplasty. It specifically measures the mucosal and bony structures of the middle turbinate and the angle of the septum using radiological analysis. The study concludes that the dimensions of the bony and mucosal components of the middle turbinate on both the concave and convex sides of the septum were not significantly changed after septoplasty.

Step 2 — Do the sources agree or contradict each other?
- Only Source 1 directly addresses the question of whether septoplasty changes the dimensions of compensatory hypertrophy of the middle turbinate. Source 2 discusses a different aspect of septoplasty, comparing suturing versus nasal packing, and Source 3 is unrelated to septoplasty, focusing instead on tracheobronchoscopy in esophageal atresia. Therefore, there is no contradiction among the sources, but only Source 1 provides relevant information.

Step 3 — What is the most evidence-supported conclusion?
- Based on Source 1, which directly examines the effect of septoplasty on the dimensions of the middle turbinate, there is no significant change in the dimensions of compensatory hypertrophy of the middle turbinate after septoplasty.

VERDICT: no",yes,yes,no,no,"[-0.03433228  0.03692627  0.01646423 ...  0.00519943 -0.00583267
 -0.02702332]","[-0.01341248  0.04571533  0.02708435 ...  0.00702286  0.00740051
 -0.0202179 ]","[ 0.00887299  0.03762817  0.02616882 ...  0.00730896  0.01447296
 -0.01143646]","[-0.0088501   0.03105164  0.04043579 ...  0.01872253  0.01121521
 -0.01097107]","[-0.0140686   0.03326416  0.05557251 ...  0.01031494  0.00495911
 -0.02449036]",0.769031286239624,0,0.793300211429596,0,0.8321616053581238,0,0.8246611952781677,0
13,Is horizontal semicircular canal ocular reflex influenced by otolith organs input?,yes,"To clarify whether horizontal canal ocular reflex is influenced by otolith organs input. The subjects were seven healthy humans. The right ear was stimulated using ice-water. Each subject was kept in a left-ear-down position for 20 s and then repositioned to a prone position, a right-ear-down position and a supine position with 20 s intervals. Nystagmus was analysed using three-dimensional video-oculography. Eye movements in the supine position and the prone position were not in a symmetric fashion. Nystagmus in the left-ear-down position and the right-ear-down position were not symmetric either. These phenomena indicate that the axis of the eyeball rotation was affected by the shift of the direction of gravity exerted on the head.","To clarify whether horizontal canal ocular reflex is influenced by otolith organs input. The subjects were seven healthy humans. The right ear was stimulated using ice-water. Each subject was kept in a left-ear-down position for 20 s and then repositioned to a prone position, a right-ear-down position and a supine position with 20 s intervals. Nystagmus was analysed using three-dimensional video-oculography. Eye movements in the supine position and the prone position were not in a symmetric fashion. Nystagmus in the left-ear-down position and the right-ear-down position were not symmetric either. These phenomena indicate that the axis of the eyeball rotation was affected by the shift of the direction of gravity exerted on the head.",0.7386826276779175,"Yes, the horizontal semicircular canal ocular reflex is influenced by otolith organs input. The vestibular system, which includes the semicircular canals and the otolith organs (utricle and saccule), works together to maintain balance and stabilize vision. While the semicircular canals primarily detect angular acceleration, the otolith organs detect linear acceleration and gravitational forces. There is evidence that the input from the otolith organs can modulate the vestibulo-ocular reflex (VOR), which includes the horizontal semicircular canal ocular reflex, by providing additional sensory information that helps refine and adjust eye movements in response to head movements and changes in body position.

VERDICT: yes","Step 1 — What biological mechanism or clinical concept is relevant here?

The horizontal semicircular canal ocular reflex, also known as the vestibulo-ocular reflex (VOR), is a mechanism that stabilizes vision by producing eye movements that counteract head movements. This reflex primarily involves the semicircular canals, which detect angular acceleration. The otolith organs, which include the utricle and saccule, detect linear acceleration and gravitational forces. The question is whether input from the otolith organs influences the function of the horizontal semicircular canal ocular reflex.

Step 2 — What does the evidence generally suggest?

Research indicates that while the semicircular canals are primarily responsible for detecting angular motion and initiating the VOR, the otolith organs can modulate this reflex. The otolith organs provide additional sensory input that can influence the gain and direction of the VOR, especially during complex head movements that involve both angular and linear components. Studies have shown that the integration of signals from both the semicircular canals and the otolith organs is crucial for accurate spatial orientation and balance.

Step 3 — What is the most supported conclusion?

The evidence supports the idea that the otolith organs do influence the horizontal semicircular canal ocular reflex. This influence is particularly relevant in situations where both angular and linear accelerations are present, allowing for a more comprehensive and adaptive response to head movements. The integration of inputs from both the semicircular canals and the otolith organs ensures that the VOR can maintain visual stability across a range of dynamic conditions.

VERDICT: yes","The evidence from Source 1 suggests that the horizontal canal ocular reflex is influenced by otolith organs input. The study involved stimulating the right ear with ice-water and analyzing nystagmus in different head positions. The findings showed that eye movements were not symmetric in the supine and prone positions, as well as in the left-ear-down and right-ear-down positions. This asymmetry indicates that the otolith organs, which are sensitive to head position and gravity, may influence the horizontal canal ocular reflex.

VERDICT: yes","Step 1 — What do the retrieved sources say about this topic?
- Source 1 investigates the influence of otolith organs on the horizontal canal ocular reflex. It describes an experiment where subjects were positioned in various orientations, and nystagmus was analyzed. The findings indicate that eye movements were not symmetric in different positions, suggesting that the otolith organs may influence the horizontal canal ocular reflex.

Step 2 — Do the sources agree or contradict each other?
- Only Source 1 directly addresses the influence of otolith organs on the horizontal canal ocular reflex. The other sources do not discuss this topic, so there is no agreement or contradiction among the sources.

Step 3 — What is the most evidence-supported conclusion?
- Based on Source 1, there is evidence suggesting that the horizontal canal ocular reflex is influenced by otolith organs input, as indicated by the asymmetric nystagmus observed in different head positions.

VERDICT: yes",yes,yes,yes,yes,"[-0.03552246  0.03842163  0.0010376  ...  0.01087952  0.03323364
 -0.02484131]","[-0.02680969  0.05145264  0.00191879 ...  0.00820923  0.02633667
 -0.01237488]","[ 0.00085211  0.0324707   0.01797485 ...  0.00373459  0.01672363
 -0.00652695]","[-0.01741028  0.02891541  0.02406311 ...  0.01808167  0.01560974
 -0.00751877]","[-0.00309181  0.02775574  0.02874756 ... -0.00507355  0.02555847
 -0.001688  ]",0.6824843287467957,1,0.673342227935791,1,0.8709062337875366,0,0.7535467147827148,0
14,Aromatase inhibitor-related musculoskeletal symptoms: is preventing osteoporosis the key to eliminating these symptoms?,yes,"Aromatase inhibitors (AIs) are an effective treatment for postmenopausal women with hormone receptor-positive breast cancer. However, patients receiving AIs report a higher incidence of musculoskeletal symptoms and bone fractures; the mechanism and risk factors for this correlation are not well studied. The aim of this study was to correlate these musculoskeletal symptoms and bone fractures in patients receiving AIs with bone mineral density (BMD), previous tamoxifen use, and administration of calcium/bisphosphonate (Ca/Bis). We reviewed charts of 856 patients with hormone receptor-positive nonmetastatic breast cancer seen at our institution between January 1999 and October 2007. A total of 316 patients met the inclusion criteria of treatment with one of the AIs for>or = 3 months and availability of a dualenergy X-ray absorptiometry (DEXA) during this treatment. Arthralgia, generalized bone pain and/or myalgia, bone fracture after beginning AIs, any tamoxifen treatment, and Ca/Bis therapy were recorded. Our study demonstrates a significant association between symptoms and DEXA-BMD results (P<.001). Similarly, the group receiving tamoxifen before AIs had fewer patients with arthralgia or generalized bone pain/myalgia or bone fracture (P<.001). Furthermore, the group receiving AIs plus Ca/Bis had more patients without musculoskeletal symptoms and had fewer fractures. Finally, the group receiving steroidal AIs compared with nonsteroidal AIs had more patients with arthralgia or generalized bone pain and/or myalgia, and bone fractures (P<.001).","Aromatase inhibitors (AIs) are an effective treatment for postmenopausal women with hormone receptor-positive breast cancer. However, patients receiving AIs report a higher incidence of musculoskeletal symptoms and bone fractures; the mechanism and risk factors for this correlation are not well studied. The aim of this study was to correlate these musculoskeletal symptoms and bone fractures in patients receiving AIs with bone mineral density (BMD), previous tamoxifen use, and administration of calcium/bisphosphonate (Ca/Bis). We reviewed charts of 856 patients with hormone receptor-positive nonmetastatic breast cancer seen at our institution between January 1999 and October 2007. A total of 316 patients met the inclusion criteria of treatment with one of the AIs for>or = 3 months and availability of a dualenergy X-ray absorptiometry (DEXA) during this treatment. Arthralgia, generalized bone pain and/or myalgia, bone fracture after beginning AIs, any tamoxifen treatment, and Ca/Bis therapy were recorded. Our study demonstrates a significant association between symptoms and DEXA-BMD results (P<.001). Similarly, the group receiving tamoxifen before AIs had fewer patients with arthralgia or generalized bone pain/myalgia or bone fracture (P<.001). Furthermore, the group receiving AIs plus Ca/Bis had more patients without musculoskeletal symptoms and had fewer fractures. Finally, the group receiving steroidal AIs compared with nonsteroidal AIs had more patients with arthralgia or generalized bone pain and/or myalgia, and bone fractures (P<.001).",0.6683584451675415,"Aromatase inhibitors (AIs) are commonly used in the treatment of hormone receptor-positive breast cancer, particularly in postmenopausal women. One of the well-documented side effects of AIs is musculoskeletal symptoms, including joint pain and stiffness, often referred to as aromatase inhibitor-associated musculoskeletal symptoms (AIMSS). These symptoms can significantly affect the quality of life and adherence to therapy.

The pathophysiology of AIMSS is not fully understood, but it is believed to be related to the estrogen depletion caused by AIs, which can affect bone and joint health. Osteoporosis is a separate condition characterized by decreased bone density and increased fracture risk, also associated with estrogen deficiency. While both AIMSS and osteoporosis are linked to estrogen depletion, they are distinct conditions.

Preventing osteoporosis through interventions such as calcium and vitamin D supplementation, weight-bearing exercise, and possibly bisphosphonates or other osteoporosis medications can help maintain bone health and reduce fracture risk. However, these measures do not directly address the joint pain and stiffness associated with AIMSS. Some studies suggest that maintaining bone health might have a secondary benefit on musculoskeletal symptoms, but the evidence is not strong enough to conclude that preventing osteoporosis is the key to eliminating AIMSS.

In summary, while preventing osteoporosis is important for overall bone health in patients on AIs, it is not the definitive solution to eliminating AIMSS.

VERDICT: no","Step 1 — What biological mechanism or clinical concept is relevant here?

Aromatase inhibitors (AIs) are commonly used in the treatment of hormone receptor-positive breast cancer in postmenopausal women. They work by inhibiting the enzyme aromatase, which converts androgens to estrogens, thereby reducing estrogen levels. This reduction in estrogen can lead to decreased bone mineral density and increased risk of osteoporosis. Musculoskeletal symptoms, such as joint pain and stiffness, are common side effects of AI therapy. The connection between these symptoms and bone health suggests that osteoporosis prevention might influence the severity or occurrence of musculoskeletal symptoms.

Step 2 — What does the evidence generally suggest?

Evidence indicates that AI-related musculoskeletal symptoms are multifactorial. While decreased estrogen levels contribute to bone loss and potentially to musculoskeletal symptoms, other factors such as inflammation, changes in joint structures, and individual patient characteristics also play roles. Some studies have explored the use of bisphosphonates or other osteoporosis-preventing treatments to mitigate these symptoms, with mixed results. While maintaining bone health is important, it does not fully eliminate musculoskeletal symptoms associated with AI therapy.

Step 3 — What is the most supported conclusion?

The most supported conclusion is that while preventing osteoporosis is beneficial for overall bone health and may help reduce the risk of fractures, it is not the sole key to eliminating AI-related musculoskeletal symptoms. These symptoms are influenced by a variety of factors beyond bone density alone. Therefore, a comprehensive approach that includes managing inflammation, optimizing joint health, and addressing individual patient factors is necessary to effectively manage these symptoms.

VERDICT: no","The evidence provided in Source 1 suggests a correlation between musculoskeletal symptoms and bone fractures in patients receiving aromatase inhibitors (AIs) with factors such as bone mineral density (BMD), previous tamoxifen use, and administration of calcium/bisphosphonate (Ca/Bis). However, the study does not explicitly state that preventing osteoporosis is the key to eliminating musculoskeletal symptoms. It indicates a relationship but does not establish causation or a definitive solution. The other sources do not provide relevant information regarding the prevention of osteoporosis as a means to eliminate AI-related musculoskeletal symptoms.

VERDICT: no","Step 1 — What do the retrieved sources say about this topic?
- Source 1 discusses the correlation between musculoskeletal symptoms and bone fractures in patients receiving aromatase inhibitors (AIs) with factors such as bone mineral density (BMD), previous tamoxifen use, and administration of calcium/bisphosphonate (Ca/Bis). It implies a potential link between bone health (osteoporosis prevention) and musculoskeletal symptoms in AI users.
- Source 2 is unrelated to aromatase inhibitors or musculoskeletal symptoms, focusing instead on the prevention of heterotopic ossification after hip arthroplasty using etoricoxib.
- Source 3 mentions cardiovascular events associated with AIs compared to tamoxifen but does not address musculoskeletal symptoms or osteoporosis prevention.

Step 2 — Do the sources agree or contradict each other?
- Source 1 is the only source that directly addresses the relationship between musculoskeletal symptoms and osteoporosis prevention in the context of AI use. Source 2 and Source 3 do not provide relevant information on this topic, so there is no agreement or contradiction among the sources regarding the specific question.

Step 3 — What is the most evidence-supported conclusion?
- Based on Source 1, there is an implication that bone health management, potentially through osteoporosis prevention strategies like maintaining bone mineral density and using calcium/bisphosphonates, could be related to the management of musculoskeletal symptoms in patients on AIs. However, the source does not provide definitive evidence that preventing osteoporosis is the key to eliminating these symptoms.

Final verdict:
VERDICT: no",no,no,no,no,"[ 0.0534668   0.00583649  0.02153015 ...  0.01105499 -0.01456451
  0.01337433]","[ 0.03735352  0.0160675   0.01873779 ...  0.00797272 -0.00457382
  0.03344727]","[ 0.04464722  0.02227783  0.00071573 ...  0.01774597 -0.01428223
  0.01733398]","[ 0.02836609  0.01095581  0.01681519 ...  0.02694702 -0.0140152
  0.03131104]","[ 0.03738403  0.03692627  0.02313232 ... -0.00683975 -0.00666428
  0.01899719]",0.7969675064086914,0,0.7964308857917786,0,0.7980689406394958,0,0.7537407279014587,0
15,Could ADMA levels in young adults born preterm predict an early endothelial dysfunction?,yes,"Sporadic data present in literature report how preterm birth and low birth weight are risk factors for the development of cardiovascular diseases in later life. High levels of asymmetric dimethylarginine (ADMA), a strong inhibitor of nitric oxide synthesis, are associated with the future development of adverse cardiovascular events and cardiac death. 1) to verify the presence of a statistically significant difference between ADMA levels in young adults born preterm at extremely low birth weight (<1000 g; ex-ELBW) and those of a control group of healthy adults born at term (C) and 2) to seek correlations between ADMA levels in ex-ELBW and anthropometric and clinical parameters (gender, chronological age, gestational age, birth weight, and duration of stay in Neonatal Intensive Care Unit). Thirty-two ex-ELBW subjects (11 males [M] and 21 females [F], aged 17-29years, mean age 22.2 ± 2.3 years) were compared with 25 C (7 M and 18F). ADMA levels were assessed by high-performance liquid chromatography with highly sensitive laser fluorescent detection. ADMA levels were reduced in ex-ELBW subjects compared to C (0.606+0.095 vs 0.562+0.101 μmol/L, p<0.05), and significantly correlated inversely with gestational age (r=-0.61, p<0.00001) and birth weight (r=-0.57, p<0.0002).","Sporadic data present in literature report how preterm birth and low birth weight are risk factors for the development of cardiovascular diseases in later life. High levels of asymmetric dimethylarginine (ADMA), a strong inhibitor of nitric oxide synthesis, are associated with the future development of adverse cardiovascular events and cardiac death. 1) to verify the presence of a statistically significant difference between ADMA levels in young adults born preterm at extremely low birth weight (<1000 g; ex-ELBW) and those of a control group of healthy adults born at term (C) and 2) to seek correlations between ADMA levels in ex-ELBW and anthropometric and clinical parameters (gender, chronological age, gestational age, birth weight, and duration of stay in Neonatal Intensive Care Unit). Thirty-two ex-ELBW subjects (11 males [M] and 21 females [F], aged 17-29years, mean age 22.2 ± 2.3 years) were compared with 25 C (7 M and 18F). ADMA levels were assessed by high-performance liquid chromatography with highly sensitive laser fluorescent detection. ADMA levels were reduced in ex-ELBW subjects compared to C (0.606+0.095 vs 0.562+0.101 μmol/L, p<0.05), and significantly correlated inversely with gestational age (r=-0.61, p<0.00001) and birth weight (r=-0.57, p<0.0002).",0.7127338647842407,"Asymmetric dimethylarginine (ADMA) is an endogenous inhibitor of nitric oxide synthase, and elevated levels of ADMA have been associated with endothelial dysfunction. Preterm birth is known to be a risk factor for cardiovascular issues later in life, including endothelial dysfunction. Studies have shown that individuals born preterm may have higher levels of ADMA, which could contribute to early endothelial dysfunction. Therefore, measuring ADMA levels in young adults born preterm could potentially serve as a predictive marker for early endothelial dysfunction.

VERDICT: yes","Step 1 — What biological mechanism or clinical concept is relevant here?

Asymmetric dimethylarginine (ADMA) is an endogenous inhibitor of nitric oxide synthase, which plays a crucial role in the regulation of endothelial function. Elevated levels of ADMA can lead to reduced nitric oxide (NO) production, resulting in endothelial dysfunction. Endothelial dysfunction is an early marker of atherosclerosis and cardiovascular disease. Preterm birth is associated with various long-term health issues, including cardiovascular problems, potentially due to altered vascular development and function.

Step 2 — What does the evidence generally suggest?

Research indicates that individuals born preterm may have altered vascular function and increased cardiovascular risk later in life. Studies have shown that ADMA levels can be elevated in individuals with endothelial dysfunction and cardiovascular diseases. Some studies suggest that young adults born preterm may exhibit early signs of endothelial dysfunction, potentially linked to elevated ADMA levels. However, the evidence is not entirely consistent, and more research is needed to establish a direct predictive relationship between ADMA levels and endothelial dysfunction specifically in young adults born preterm.

Step 3 — What is the most supported conclusion?

While there is a plausible biological mechanism linking elevated ADMA levels to endothelial dysfunction, and some evidence suggests that individuals born preterm may have higher cardiovascular risk, the direct predictive value of ADMA levels for early endothelial dysfunction in this specific population is not definitively established. More targeted studies are needed to confirm whether ADMA levels can reliably predict early endothelial dysfunction in young adults born preterm.

VERDICT: no","The evidence from Source 1 suggests that high levels of asymmetric dimethylarginine (ADMA) are associated with the future development of adverse cardiovascular events and cardiac death. Although the abstract does not explicitly state that ADMA levels in young adults born preterm predict early endothelial dysfunction, it implies a potential link between elevated ADMA levels and cardiovascular issues, which could include endothelial dysfunction. However, the specific prediction of early endothelial dysfunction based on ADMA levels in young adults born preterm is not directly addressed in the provided evidence.

VERDICT: no","Step 1 — What do the retrieved sources say about this topic?
- Source 1 discusses the association between high levels of asymmetric dimethylarginine (ADMA) and the future development of adverse cardiovascular events and cardiac death. It mentions a study comparing ADMA levels in young adults born preterm at extremely low birth weight with those of a control group of healthy adults born at term. However, the abstract is incomplete and does not provide specific results or conclusions about the predictive value of ADMA levels for early endothelial dysfunction.
- Source 2 and Source 3 do not provide information relevant to ADMA levels or their predictive value for endothelial dysfunction. Source 2 focuses on androgen deficiency in aging men, and Source 3 examines obesity-related vascular dysfunction.

Step 2 — Do the sources agree or contradict each other?
- The sources do not directly address the same topic. Source 1 is the only one that mentions ADMA levels in the context of preterm birth and cardiovascular risk, while the other sources focus on unrelated topics.

Step 3 — What is the most evidence-supported conclusion?
- Based on the available evidence, only Source 1 provides relevant information about ADMA levels in young adults born preterm. It suggests a potential link between high ADMA levels and future cardiovascular events, which could imply a risk of early endothelial dysfunction. However, the abstract does not explicitly state that ADMA levels predict early endothelial dysfunction, and the evidence is incomplete.

VERDICT: no",yes,no,no,no,"[ 0.00817108  0.02046204  0.05459595 ...  0.02490234 -0.01678467
  0.00211716]","[ 0.01731873  0.04327393  0.06365967 ...  0.02998352 -0.01702881
  0.01635742]","[ 0.0163269   0.01661682  0.05487061 ...  0.02537537 -0.01327515
 -0.00013769]","[ 0.01205444  0.02032471  0.07037354 ...  0.04223633 -0.01042175
  0.01387024]","[ 0.01213837  0.03244019  0.08001709 ...  0.02243042 -0.01026917
  0.01979065]",0.7774373292922974,0,0.779166579246521,0,0.7613193392753601,0,0.7837469577789307,0
16,A patient with myelomeningocele: is untethering necessary prior to scoliosis correction?,no,"Tethering of the spinal cord is thought to increase the chance of neurological injury when scoliosis correction is undertaken. All patients with myelomeningocele (MM) are radiographically tethered, and untethering procedures carry significant morbidity risks including worsening neurological function and wound complications. No guidelines exist as regards untethering in patients with MM prior to scoliosis correction surgery. The authors' aim in this study was to evaluate their experience in patients with MM who were not untethered before scoliosis correction. Seventeen patients with MM were retrospectively identified and 1) had no evidence of a clinically symptomatic tethered cord, 2) had undergone spinal fusion for scoliosis correction, and 3) had not been untethered for at least 1 year prior to surgery. The minimum follow-up after fusion was 2 years. Charts and radiographs were reviewed for neurological or shunt complications in the perioperative period. The average age of the patients was 12.4 years, and the following neurological levels were affected: T-12 and above, 7 patients; L-1/L-2, 6 patients; L-3, 2 patients; and L-4, 2 patients. All were radiographically tethered as confirmed on MR imaging. Fourteen of the patients (82%) had a ventriculoperitoneal shunt. The mean Cobb angle was corrected from 82 degrees to 35 degrees , for a 57% correction. All patients underwent neuromonitoring of their upper extremities, and some underwent lower extremity monitoring as well. Postoperatively, no patient experienced a new cranial nerve palsy, shunt malfunction, change in urological function, or upper extremity weakness/sensory loss. One patient had transient lower extremity weakness, which returned to baseline within 1 month of surgery.","Tethering of the spinal cord is thought to increase the chance of neurological injury when scoliosis correction is undertaken. All patients with myelomeningocele (MM) are radiographically tethered, and untethering procedures carry significant morbidity risks including worsening neurological function and wound complications. No guidelines exist as regards untethering in patients with MM prior to scoliosis correction surgery. The authors' aim in this study was to evaluate their experience in patients with MM who were not untethered before scoliosis correction. Seventeen patients with MM were retrospectively identified and 1) had no evidence of a clinically symptomatic tethered cord, 2) had undergone spinal fusion for scoliosis correction, and 3) had not been untethered for at least 1 year prior to surgery. The minimum follow-up after fusion was 2 years. Charts and radiographs were reviewed for neurological or shunt complications in the perioperative period. The average age of the patients was 12.4 years, and the following neurological levels were affected: T-12 and above, 7 patients; L-1/L-2, 6 patients; L-3, 2 patients; and L-4, 2 patients. All were radiographically tethered as confirmed on MR imaging. Fourteen of the patients (82%) had a ventriculoperitoneal shunt. The mean Cobb angle was corrected from 82 degrees to 35 degrees , for a 57% correction. All patients underwent neuromonitoring of their upper extremities, and some underwent lower extremity monitoring as well. Postoperatively, no patient experienced a new cranial nerve palsy, shunt malfunction, change in urological function, or upper extremity weakness/sensory loss. One patient had transient lower extremity weakness, which returned to baseline within 1 month of surgery.",0.7970949411392212,"In patients with myelomeningocele, tethered cord syndrome is a common concern, and it can potentially complicate scoliosis correction surgery. Untethering the spinal cord is often considered to prevent neurological deterioration during or after scoliosis surgery. The decision to perform untethering prior to scoliosis correction depends on the presence of symptoms indicative of tethered cord syndrome, such as neurological deficits, pain, or worsening scoliosis. If these symptoms are present, untethering is generally recommended before scoliosis correction to minimize the risk of neurological complications. However, if the patient is asymptomatic with no signs of tethered cord syndrome, untethering may not be necessary.

VERDICT: yes","Step 1 — What biological mechanism or clinical concept is relevant here?

Myelomeningocele is a type of spina bifida where there is a defect in the spine and spinal cord. It often leads to tethered cord syndrome, where the spinal cord is abnormally attached within the spinal canal, limiting its movement. This can cause neurological deficits and orthopedic issues, including scoliosis. Scoliosis correction in patients with myelomeningocele can be complicated by the presence of a tethered cord, as the tension on the spinal cord may increase during surgical manipulation, potentially worsening neurological function.

Step 2 — What does the evidence generally suggest?

The evidence suggests that untethering the spinal cord prior to scoliosis correction can be beneficial in patients with myelomeningocele who have a tethered cord. Untethering may reduce the risk of neurological deterioration during scoliosis surgery by relieving tension on the spinal cord. Some studies and clinical guidelines recommend untethering if there are signs of tethered cord syndrome, such as neurological symptoms or progressive scoliosis. However, the decision to untether should be individualized based on the patient's symptoms, the degree of tethering, and the risks associated with untethering surgery.

Step 3 — What is the most supported conclusion?

The most supported conclusion is that untethering is often recommended prior to scoliosis correction in patients with myelomeningocele who have a symptomatic tethered cord. This approach aims to minimize the risk of neurological complications during scoliosis surgery. However, in asymptomatic patients or those with minimal tethering, the decision may vary, and a multidisciplinary team should evaluate the risks and benefits.

VERDICT: yes","The evidence provided in Source 1 discusses the issue of tethering in patients with myelomeningocele (MM) and scoliosis correction. It mentions that all patients with MM are radiographically tethered and that untethering procedures carry significant morbidity risks, including worsening neurological function and wound complications. Importantly, it notes that no guidelines exist regarding untethering in patients with MM prior to scoliosis correction surgery. The study aimed to evaluate experiences with patients who were not untethered before scoliosis correction, suggesting that untethering may not be universally necessary or beneficial.

Based on this evidence, there is no clear indication that untethering is necessary prior to scoliosis correction in patients with myelomeningocele, as the risks associated with untethering procedures are significant and guidelines are lacking.

VERDICT: no","Step 1 — What do the retrieved sources say about this topic?
- Source 1 discusses the issue of spinal cord tethering in patients with myelomeningocele (MM) and the potential risks associated with untethering procedures, such as worsening neurological function and wound complications. It mentions that there are no existing guidelines for untethering in patients with MM prior to scoliosis correction surgery. The study aimed to evaluate the experience of patients with MM who were not untethered before scoliosis correction.

Step 2 — Do the sources agree or contradict each other?
- Only Source 1 is relevant to the question about untethering in patients with myelomeningocele prior to scoliosis correction. The other sources do not address this specific issue. Therefore, there is no agreement or contradiction among the sources regarding this topic.

Step 3 — What is the most evidence-supported conclusion?
- Based on Source 1, there is no clear guideline or consensus on the necessity of untethering in patients with myelomeningocele before scoliosis correction. The study mentioned in Source 1 evaluated patients who were not untethered before surgery, suggesting that untethering may not be universally necessary. However, the source does not provide a definitive conclusion on whether untethering is necessary or not.

VERDICT: no",yes,yes,no,no,"[ 0.03427124 -0.0067215   0.02940369 ...  0.02153015  0.02272034
  0.0112915 ]",[0.03994751 0.01148987 0.03729248 ... 0.02244568 0.01283264 0.01531219],[0.05267334 0.02182007 0.03707886 ... 0.02729797 0.00693512 0.00670624],[0.03811646 0.0158844  0.02409363 ... 0.03610229 0.00396347 0.00846863],[0.03213501 0.0246582  0.04742432 ... 0.01278687 0.01136017 0.00128269],0.8329204320907593,0,0.841086745262146,0,0.8750215172767639,0,0.8223518133163452,0
17,Does escalation of the apical dose change treatment outcome in beta-radiation of posterior choroidal melanomas with 106Ru plaques?,no,"To show the results of treating posterior uveal melanomas with 106Ru plaque beta-ray radiotherapy and to review and discuss the literature concerning the optimal apical dose prescription (100 vs. 160 Gy). Forty-eight patients with uveal melanomas (median height 3.85 mm + 1 mm sclera) were treated with ruthenium plaques. The median apical dose was 120 Gy, the median scleral dose 546 Gy. After 5.8 years of follow-up, the overall 5-year survival rate was 90%, the disease specific 5-year survival rate was 92% (3 patients alive with metastasis). Six percent received a second ruthenium application, 10% of the eyes had to be enucleated. Local control was achieved in 90% of the patients with conservative therapy alone. Central or paracentral tumors showed 50% of the pretherapeutic vision after 4 years, and 80% of the vision was preserved in those with peripheral tumors. The main side effects were mostly an uncomplicated retinopathy (30%); macular degeneration or scarring led to poor central vision in 30% of cases.","To show the results of treating posterior uveal melanomas with 106Ru plaque beta-ray radiotherapy and to review and discuss the literature concerning the optimal apical dose prescription (100 vs. 160 Gy). Forty-eight patients with uveal melanomas (median height 3.85 mm + 1 mm sclera) were treated with ruthenium plaques. The median apical dose was 120 Gy, the median scleral dose 546 Gy. After 5.8 years of follow-up, the overall 5-year survival rate was 90%, the disease specific 5-year survival rate was 92% (3 patients alive with metastasis). Six percent received a second ruthenium application, 10% of the eyes had to be enucleated. Local control was achieved in 90% of the patients with conservative therapy alone. Central or paracentral tumors showed 50% of the pretherapeutic vision after 4 years, and 80% of the vision was preserved in those with peripheral tumors. The main side effects were mostly an uncomplicated retinopathy (30%); macular degeneration or scarring led to poor central vision in 30% of cases.",0.7745295166969299,"In the treatment of posterior choroidal melanomas with 106Ru plaques, the escalation of the apical dose can potentially change the treatment outcome. Increasing the apical dose may improve local tumor control by delivering a higher radiation dose to the tumor apex, which could reduce the risk of tumor recurrence. However, it is important to balance this with the potential for increased radiation-induced side effects to surrounding ocular structures. Clinical studies have shown that higher doses can lead to better tumor control but may also increase the risk of complications such as radiation retinopathy or optic neuropathy. Therefore, while dose escalation can affect treatment outcomes, it must be carefully considered against the potential for increased adverse effects.

VERDICT: yes","Step 1 — What biological mechanism or clinical concept is relevant here?

The relevant clinical concept here is the treatment of posterior choroidal melanomas using beta-radiation with Ruthenium-106 (106Ru) plaques. The apical dose refers to the radiation dose delivered to the apex (top) of the tumor. The goal of radiation therapy in this context is to deliver a sufficient dose to the tumor to achieve local control and prevent metastasis while minimizing damage to surrounding healthy tissues. The concept of dose escalation involves increasing the radiation dose to potentially improve treatment outcomes, such as tumor control and survival rates.

Step 2 — What does the evidence generally suggest?

Evidence from clinical studies on the use of 106Ru plaques for treating choroidal melanomas suggests that the dose delivered to the tumor apex is a critical factor in determining treatment success. Higher apical doses are generally associated with improved local tumor control. However, there is a balance to be struck, as excessively high doses can increase the risk of radiation-induced side effects and damage to surrounding ocular structures, potentially leading to vision loss or other complications. Studies have shown that there is a threshold dose above which the benefits of dose escalation may not outweigh the risks.

Step 3 — What is the most supported conclusion?

The most supported conclusion is that escalation of the apical dose in the treatment of posterior choroidal melanomas with 106Ru plaques can improve treatment outcomes by enhancing local tumor control. However, this must be carefully balanced against the potential for increased radiation-induced side effects. The optimal apical dose should be determined based on individual patient factors and tumor characteristics to maximize therapeutic benefits while minimizing risks.

VERDICT: yes","The evidence provided in Source 1 discusses the treatment of posterior uveal melanomas with 106Ru plaque beta-ray radiotherapy, mentioning a median apical dose of 120 Gy and a median scleral dose of 546 Gy. However, it does not provide a direct comparison of treatment outcomes between different apical doses, such as 100 Gy versus 160 Gy. The study reports a 5-year survival rate of 90% and a disease-specific survival rate of 92%, but it does not specify how these outcomes might differ with varying apical doses. Therefore, based on the evidence provided, there is no information to determine whether escalation of the apical dose changes the treatment outcome.

VERDICT: no","Step 1 — What do the retrieved sources say about this topic?

The only relevant source to the question is Source 1, which discusses the treatment of posterior uveal melanomas with 106Ru plaque beta-ray radiotherapy. It mentions that the median apical dose was 120 Gy, and the study reviews literature concerning the optimal apical dose prescription, comparing 100 Gy versus 160 Gy. However, the source does not provide specific outcomes related to different apical doses, nor does it directly compare the treatment outcomes between these doses.

Step 2 — Do the sources agree or contradict each other?

The other sources (Source 2 and Source 3) do not provide information relevant to the question about the escalation of the apical dose in beta-radiation of posterior choroidal melanomas with 106Ru plaques. Therefore, there is no agreement or contradiction among the sources regarding this specific question.

Step 3 — What is the most evidence-supported conclusion?

The evidence provided in Source 1 does not offer a direct comparison or conclusion about the impact of escalating the apical dose on treatment outcomes for posterior choroidal melanomas with 106Ru plaques. It mentions the median apical dose used in the study but does not provide specific data or conclusions about the effects of different dose levels on treatment outcomes.

VERDICT: no",yes,yes,no,no,"[-0.00600052  0.03268433  0.026474   ... -0.00162315  0.03875732
  0.02339172]","[ 0.00925446  0.03094482  0.02365112 ... -0.0012064   0.03863525
  0.01991272]","[-0.01615906  0.02197266  0.03820801 ...  0.00843811  0.02523804
  0.02168274]","[-0.00717545  0.01273346  0.03041077 ...  0.01361084  0.02682495
  0.03253174]","[-0.0227356   0.04458618  0.04782104 ... -0.01480103  0.03024292
 -0.00316811]",0.8003205060958862,0,0.8025527000427246,0,0.8689979314804077,0,0.7873400449752808,0
18,Neck pain treatment with acupuncture: does the number of needles matter?,no,"Acupuncture has been successfully used in myofascial pain syndromes. However, the number of needles used, that is, the dose of acupuncture stimulation, to obtain the best antinociceptive efficacy is still a matter of debate. The question was addressed comparing the clinical efficacy of two different therapeutic schemes, characterized by a different number of needles used on 36 patients between 29-60 years of age with by a painful cervical myofascial syndrome. Patients were divided into two groups; the first group of 18 patients were treated with 5 needles and the second group of 18 patients were treated with 11 needles, the time of needle stimulation was the same in both groups: 100 seconds. Each group underwent six cycles of somatic acupuncture. Pain intensity was evaluated before, immediately after and 1 and 3 months after the treatment by means of both the Mc Gill Pain Questionnaire and the Visual Analogue Scale (VAS). In both groups, the needles were fixed superficially excluding the two most painful trigger points where they were deeply inserted. Both groups, independently from the number of needles used, obtained a good therapeutic effect without clinically relevant differences.","Acupuncture has been successfully used in myofascial pain syndromes. However, the number of needles used, that is, the dose of acupuncture stimulation, to obtain the best antinociceptive efficacy is still a matter of debate. The question was addressed comparing the clinical efficacy of two different therapeutic schemes, characterized by a different number of needles used on 36 patients between 29-60 years of age with by a painful cervical myofascial syndrome. Patients were divided into two groups; the first group of 18 patients were treated with 5 needles and the second group of 18 patients were treated with 11 needles, the time of needle stimulation was the same in both groups: 100 seconds. Each group underwent six cycles of somatic acupuncture. Pain intensity was evaluated before, immediately after and 1 and 3 months after the treatment by means of both the Mc Gill Pain Questionnaire and the Visual Analogue Scale (VAS). In both groups, the needles were fixed superficially excluding the two most painful trigger points where they were deeply inserted. Both groups, independently from the number of needles used, obtained a good therapeutic effect without clinically relevant differences.",0.7142390012741089,"The number of needles used in acupuncture for neck pain treatment can influence the therapeutic outcome, but the evidence is not definitive. Some studies suggest that a higher number of needles may enhance the treatment effect due to increased stimulation of acupuncture points, potentially leading to better pain relief. However, other research indicates that the specific points chosen and the technique used may be more critical than the sheer number of needles. Overall, while the number of needles might have some impact, it is not the sole determinant of treatment efficacy.

VERDICT: no","Step 1 — What biological mechanism or clinical concept is relevant here?

Acupuncture is a traditional Chinese medicine practice that involves inserting thin needles into specific points on the body to stimulate nerves, muscles, and connective tissues. This stimulation is believed to increase blood flow and trigger the body's natural painkillers. In the context of neck pain, acupuncture aims to relieve pain and improve function by modulating the nervous system and reducing inflammation. The number of needles used could potentially influence the extent of these effects, as more needles might stimulate a larger area or more acupoints, potentially enhancing the therapeutic outcome.

Step 2 — What does the evidence generally suggest?

The evidence on the relationship between the number of needles used in acupuncture and its effectiveness for neck pain is mixed. Some studies suggest that the number of needles may not be the primary determinant of efficacy; rather, the correct placement of needles at specific acupoints is more critical. Other research indicates that a higher number of needles might increase the therapeutic effect by covering more acupoints or stimulating a larger area, potentially leading to better pain relief and functional improvement. However, the quality of evidence varies, and there is no consensus on an optimal number of needles for treating neck pain.

Step 3 — What is the most supported conclusion?

Given the current evidence, it appears that while the number of needles might have some impact on the effectiveness of acupuncture for neck pain, it is not the sole or most critical factor. The skill of the practitioner, the selection of appropriate acupoints, and the individual patient's response to treatment are likely more important determinants of success. Therefore, while the number of needles could matter to some extent, it is not the primary factor influencing the outcome of acupuncture treatment for neck pain.

VERDICT: no","The evidence provided in Source 1 addresses the question of whether the number of needles used in acupuncture affects its efficacy for treating painful cervical myofascial syndrome, which is a type of neck pain. The study compared two groups of patients treated with different numbers of needles. However, the abstract is incomplete and does not provide specific results or conclusions about the efficacy related to the number of needles used. Therefore, based on the available evidence, it is not possible to determine if the number of needles matters for neck pain treatment with acupuncture.

VERDICT: no","Step 1 — What do the retrieved sources say about this topic?
- Source 1 discusses the use of acupuncture in treating myofascial pain syndromes, specifically focusing on the number of needles used in treatment. It mentions a study comparing the clinical efficacy of two different therapeutic schemes with different numbers of needles on patients with painful cervical myofascial syndrome. However, the abstract is incomplete and does not provide specific results or conclusions about the efficacy related to the number of needles.
- Source 2 and Source 3 do not address the topic of neck pain treatment with acupuncture or the number of needles used. Source 2 focuses on acupuncture for phonotraumatic vocal fold lesions, and Source 3 discusses radiosurgery for trigeminal neuralgia.

Step 2 — Do the sources agree or contradict each other?
- Only Source 1 is relevant to the question about neck pain treatment with acupuncture and the number of needles. However, it does not provide complete information or results to determine the impact of the number of needles on treatment efficacy. Sources 2 and 3 do not provide relevant information on this topic.

Step 3 — What is the most evidence-supported conclusion?
- The available evidence from Source 1 suggests that there is an investigation into the number of needles used in acupuncture for myofascial pain syndromes, including neck pain. However, due to the incomplete information, it is not possible to draw a definitive conclusion about whether the number of needles matters in the treatment efficacy for neck pain.

VERDICT: no",no,no,no,no,"[-0.0022049  -0.00322342  0.05493164 ... -0.01284027  0.01463318
  0.02911377]","[-0.0032692   0.0019474   0.05178833 ... -0.02572632  0.00276375
  0.04046631]","[ 0.01012421 -0.00191593  0.05114746 ...  0.00629425  0.00324821
  0.03384399]","[-0.0096283  -0.0071106   0.06188965 ... -0.00122738  0.0032959
  0.02507019]","[-0.0218811   0.00904083  0.06494141 ... -0.01864624  0.01206207
  0.03201294]",0.7380853891372681,1,0.7527321577072144,0,0.7889423370361328,0,0.776890754699707,0
19,Are endothelial cell patterns of astrocytomas indicative of grade?,yes,"The most common primary brain tumors in children and adults are of astrocytic origin. Classic histologic grading schemes for astrocytomas have included evaluating the presence or absence of nuclear abnormalities, mitoses, vascular endothelial proliferation, and tumor necrosis. We evaluated the vascular pattern of 17 astrocytoma surgical specimens (seven from children and 10 from adults), and four normal brains obtained at autopsy, utilizing antibody to glial fibrillary acidic protein (GFAP) and von Willebrand factor (vWF) utilizing confocal microscopy. A modified WHO classification was used. All tumor cases showed cells positive for GFAP. Control tissues showed a few, widely separated vessels. Pilocytic astrocytomas (four cases) showed lacy clusters of small-to-medium sized vessels, with intact vessel wall integrity. Diffuse, low grade astrocytoma (three cases) showed a staining pattern similar to control tissue; intermediate grade (one case), anaplastic astrocytoma (three cases) and gliobastoma multiforme (six cases) showed an increased vessel density with multiple small vessels (glomeruloid clusters), some with prominent intimal hyperplasia, loss of vessel wall integrity, and with numerous vWF-positive single cells/microvessels within the tumor substance.","The most common primary brain tumors in children and adults are of astrocytic origin. Classic histologic grading schemes for astrocytomas have included evaluating the presence or absence of nuclear abnormalities, mitoses, vascular endothelial proliferation, and tumor necrosis. We evaluated the vascular pattern of 17 astrocytoma surgical specimens (seven from children and 10 from adults), and four normal brains obtained at autopsy, utilizing antibody to glial fibrillary acidic protein (GFAP) and von Willebrand factor (vWF) utilizing confocal microscopy. A modified WHO classification was used. All tumor cases showed cells positive for GFAP. Control tissues showed a few, widely separated vessels. Pilocytic astrocytomas (four cases) showed lacy clusters of small-to-medium sized vessels, with intact vessel wall integrity. Diffuse, low grade astrocytoma (three cases) showed a staining pattern similar to control tissue; intermediate grade (one case), anaplastic astrocytoma (three cases) and gliobastoma multiforme (six cases) showed an increased vessel density with multiple small vessels (glomeruloid clusters), some with prominent intimal hyperplasia, loss of vessel wall integrity, and with numerous vWF-positive single cells/microvessels within the tumor substance.",0.668808102607727,"Yes, endothelial cell patterns in astrocytomas can be indicative of the tumor grade. Astrocytomas are classified into different grades based on their histopathological features, which include the presence and pattern of endothelial cell proliferation. Higher-grade astrocytomas, such as anaplastic astrocytomas (Grade III) and glioblastomas (Grade IV), often exhibit more pronounced microvascular proliferation and endothelial hyperplasia compared to lower-grade astrocytomas (Grade II). These vascular changes are part of the criteria used to determine the tumor grade, as they reflect the aggressive nature and increased angiogenesis associated with higher-grade tumors.

VERDICT: yes","Step 1 — What biological mechanism or clinical concept is relevant here?

Astrocytomas are a type of brain tumor that originate from astrocytes, a type of glial cell in the brain. The World Health Organization (WHO) classifies astrocytomas into different grades based on their histological features, which include cellularity, mitotic activity, nuclear atypia, and necrosis. Endothelial cell patterns, which refer to the arrangement and characteristics of the blood vessels within the tumor, can also be a significant histological feature. In particular, microvascular proliferation and the presence of glomeruloid bodies are associated with higher-grade astrocytomas, such as glioblastomas (WHO grade IV).

Step 2 — What does the evidence generally suggest?

The evidence suggests that endothelial cell patterns, such as microvascular proliferation, are indeed indicative of the grade of astrocytomas. Lower-grade astrocytomas (grades I and II) typically have less pronounced vascular changes, while higher-grade astrocytomas (grades III and IV) often exhibit significant microvascular proliferation and abnormal endothelial cell patterns. These vascular changes are part of the criteria used to differentiate between the grades of astrocytomas, as they reflect the aggressive nature and increased angiogenesis associated with higher-grade tumors.

Step 3 — What is the most supported conclusion?

Based on the biological mechanisms and the evidence, endothelial cell patterns are indicative of the grade of astrocytomas. The presence of specific vascular features, such as microvascular proliferation, is associated with higher-grade tumors and is used as a criterion in the grading process. Therefore, endothelial cell patterns are a relevant and indicative factor in determining the grade of astrocytomas.

VERDICT: yes","The evidence provided in Source 1 discusses the evaluation of vascular patterns in astrocytoma surgical specimens using confocal microscopy and antibodies to glial fibrillary acidic protein (GFAP) and von Willebrand factor (vWF). It mentions the use of a modified WHO classification for grading astrocytomas, which traditionally includes factors such as nuclear abnormalities, mitoses, vascular endothelial proliferation, and tumor necrosis. However, the abstract does not explicitly state whether endothelial cell patterns alone are indicative of the grade of astrocytomas. It suggests that vascular patterns are part of the evaluation process but does not confirm their standalone significance in determining the grade.

VERDICT: no","Step 1 — What do the retrieved sources say about this topic?
- Source 1 discusses the evaluation of vascular patterns in astrocytoma surgical specimens using confocal microscopy and antibodies to glial fibrillary acidic protein (GFAP) and von Willebrand factor (vWF). It mentions the use of a modified WHO classification for grading astrocytomas, which includes evaluating vascular endothelial proliferation as one of the criteria.
- Source 2 focuses on identifying prognostic factors for cerebellar astrocytoma in children and evaluates the reproducibility and prognostic value of histological sub-classification and grading using different classification schemes, including the WHO system. However, it does not specifically mention endothelial cell patterns.

Step 2 — Do the sources agree or contradict each other?
- Source 1 provides direct evidence that vascular endothelial proliferation is a criterion used in the histologic grading of astrocytomas, suggesting that endothelial cell patterns are indicative of grade.
- Source 2 does not provide specific information about endothelial cell patterns but discusses the use of histological grading systems, including the WHO classification, which Source 1 indicates includes vascular patterns as a criterion.

Step 3 — What is the most evidence-supported conclusion?
- Based on Source 1, endothelial cell patterns, specifically vascular endothelial proliferation, are indeed used as a criterion in the grading of astrocytomas according to the WHO classification. Source 2 indirectly supports this by discussing the use of the WHO classification for grading astrocytomas, although it does not explicitly mention endothelial cell patterns.

VERDICT: yes",yes,yes,no,yes,"[-0.04956055  0.01609802  0.04119873 ...  0.00090599 -0.02293396
  0.01933289]","[-0.04269409  0.02909851  0.05145264 ...  0.00761795 -0.01099396
  0.01354218]","[-0.04827881  0.02224731  0.05776978 ...  0.02281189 -0.02423096
  0.01689148]","[-0.04534912  0.00546646  0.0703125  ...  0.01573181 -0.01531219
  0.00626755]","[-0.07086182  0.05014038  0.07165527 ...  0.01878357 -0.00933838
 -0.00171852]",0.7269980907440186,1,0.737995445728302,1,0.7513815760612488,0,0.7221147418022156,1
20,Can T-cell deficiency affect spatial learning ability following toluene exposure?,yes,"The present studywas designed to investigate the possible role of T cells in spatial learning ability in mouse after toluene exposure. Eight-week-old male wild-type (WT) and nude mice of BALB/c strain were exposed to toluene (0, 9 and 90 ppm) in a nose-only exposure chamber for 30 min per day for 3 consecutive days and then once per week for 4 weeks. Twenty-four hours after the completion of exposure, we examined the spatial learning ability in each mouse using the Morris water maze apparatus. In the acquisition phase, a longer escape latency was observed in nude mice exposed to 90 ppm toluene on days 3 and 4 when compared with corresponding WT mice. However, the effect of toluene on the escape latency was not significant in nude mice. In the probe trial, WT mice exposed to 90 ppm toluene showed poor retention memory compared with the control group. In the reversal phase, we did not find any significant difference between groups.","The present studywas designed to investigate the possible role of T cells in spatial learning ability in mouse after toluene exposure. Eight-week-old male wild-type (WT) and nude mice of BALB/c strain were exposed to toluene (0, 9 and 90 ppm) in a nose-only exposure chamber for 30 min per day for 3 consecutive days and then once per week for 4 weeks. Twenty-four hours after the completion of exposure, we examined the spatial learning ability in each mouse using the Morris water maze apparatus. In the acquisition phase, a longer escape latency was observed in nude mice exposed to 90 ppm toluene on days 3 and 4 when compared with corresponding WT mice. However, the effect of toluene on the escape latency was not significant in nude mice. In the probe trial, WT mice exposed to 90 ppm toluene showed poor retention memory compared with the control group. In the reversal phase, we did not find any significant difference between groups.",0.7528738379478455,"Yes, T-cell deficiency can affect spatial learning ability following toluene exposure. Research has shown that the immune system, including T-cells, plays a role in neurodevelopment and cognitive functions. Toluene exposure is known to cause neurotoxic effects, and the absence of a fully functional immune system, such as in T-cell deficiency, can exacerbate these effects. Studies have indicated that immune deficiencies can lead to increased vulnerability to neurotoxicants like toluene, potentially impairing cognitive functions such as spatial learning.

VERDICT: yes","Step 1 — What biological mechanism or clinical concept is relevant here?

T-cell deficiency refers to a condition where there is a lack or dysfunction of T-cells, which are crucial components of the adaptive immune system. T-cells play a role in immune responses and can influence neuroinflammation and neurodevelopment. Toluene is a volatile organic solvent that can have neurotoxic effects, potentially impacting cognitive functions such as spatial learning. The interaction between immune function (specifically T-cells) and neurotoxicity from substances like toluene could potentially affect cognitive abilities.

Step 2 — What does the evidence generally suggest?

Research indicates that immune system components, including T-cells, can influence brain function and cognitive processes. Neuroinflammation, which can be modulated by T-cells, is known to affect learning and memory. Toluene exposure has been shown to cause neurotoxic effects, including impairments in spatial learning and memory. If T-cell deficiency alters the neuroinflammatory response to toluene exposure, it could potentially exacerbate or mitigate the cognitive effects of toluene.

Step 3 — What is the most supported conclusion?

While there is evidence that both T-cell function and toluene exposure independently affect cognitive functions, direct evidence linking T-cell deficiency specifically to changes in spatial learning ability following toluene exposure is limited. Theoretical mechanisms suggest a possible interaction, but without direct experimental data, it is difficult to conclusively determine the impact of T-cell deficiency on spatial learning following toluene exposure.

VERDICT: no","Based on the evidence provided in Source 1, T-cell deficiency can affect spatial learning ability following toluene exposure. The study observed that nude mice, which are T-cell deficient, exhibited a longer escape latency in the Morris water maze after exposure to 90 ppm toluene compared to wild-type mice. This suggests that T-cell deficiency may impair spatial learning ability in the context of toluene exposure.

VERDICT: yes","Step 1 — What do the retrieved sources say about this topic?
- Source 1 investigates the role of T cells in spatial learning ability in mice after toluene exposure. It reports that nude mice, which are T-cell deficient, exhibited a longer escape latency in the Morris water maze after exposure to 90 ppm toluene, suggesting impaired spatial learning ability compared to wild-type mice.
- Source 2 discusses the role of vitamin D in stimulating regulatory T cells and its potential impact on autoimmune diseases, but it does not directly address spatial learning or toluene exposure.
- Source 3 focuses on brain atrophy patterns in frontotemporal lobar degeneration and does not relate to T-cell deficiency or spatial learning ability following toluene exposure.

Step 2 — Do the sources agree or contradict each other?
- Source 1 provides direct evidence that T-cell deficiency can affect spatial learning ability following toluene exposure. Sources 2 and 3 do not provide relevant information on this specific topic, so there is no contradiction among the sources.

Step 3 — What is the most evidence-supported conclusion?
- The only relevant evidence comes from Source 1, which indicates that T-cell deficiency (as seen in nude mice) is associated with impaired spatial learning ability after toluene exposure. This suggests that T cells may play a role in protecting or maintaining spatial learning ability under these conditions.

VERDICT: yes",yes,no,yes,yes,"[-0.01304626  0.00330544  0.04568481 ...  0.01911926 -0.00424576
  0.02398682]","[-0.01582336  0.0150528   0.03665161 ...  0.02093506 -0.00808716
  0.03646851]","[ 0.00912476  0.03341675  0.02650452 ...  0.02230835 -0.01531219
  0.00487518]","[-0.00333786  0.01486206  0.05477905 ...  0.04119873 -0.01863098
  0.02626038]","[-0.01608276  0.02766418  0.03417969 ... -0.00604248 -0.01928711
 -0.0096817 ]",0.6993790864944458,1,0.6663892269134521,1,0.8144128322601318,0,0.7464070916175842,1
21,Can distal ureteral diameter predict reflux resolution after endoscopic injection?,yes,"To test the predictive value of distal ureteral diameter (UD) on reflux resolution after endoscopic injection in children with primary vesicoureteral reflux (VUR). This was a retrospective review of patients diagnosed with primary VUR between 2009 and 2012 who were managed by endoscopic injection. Seventy preoperative and postoperative voiding cystourethrograms were reviewed. The largest UD within the false pelvis was measured. The UD was divided by the L1-L3 vertebral body distance to get the UD ratio (UDR). One radiologist interpreted the findings of voiding cystourethrography in all patients. Clinical outcome was defined as reflux resolution. Seventy patients were enrolled in this series (17 boys and 53 girls). Mean age was 5.9 years (1.2-13 years). Grade III presented in 37 patients (53%), and 33 patients (47%) were of grade IV. Mean distal UD was 5.5 mm (2.5-13 mm). Mean UDR was 37.8% (18%-70%). Macroplastique injection was performed in all. Subureteric injection was performed in 60 patients (86%), whereas intraureteric injection was performed in 10 patients. No postoperative complications were detected. The effect of grade, UD, and UDR on success after endoscopic injection was tested. UD and UDR were significant predictors of reflux resolution on logistic regression analysis (P <.007 and .001, respectively).","To test the predictive value of distal ureteral diameter (UD) on reflux resolution after endoscopic injection in children with primary vesicoureteral reflux (VUR). This was a retrospective review of patients diagnosed with primary VUR between 2009 and 2012 who were managed by endoscopic injection. Seventy preoperative and postoperative voiding cystourethrograms were reviewed. The largest UD within the false pelvis was measured. The UD was divided by the L1-L3 vertebral body distance to get the UD ratio (UDR). One radiologist interpreted the findings of voiding cystourethrography in all patients. Clinical outcome was defined as reflux resolution. Seventy patients were enrolled in this series (17 boys and 53 girls). Mean age was 5.9 years (1.2-13 years). Grade III presented in 37 patients (53%), and 33 patients (47%) were of grade IV. Mean distal UD was 5.5 mm (2.5-13 mm). Mean UDR was 37.8% (18%-70%). Macroplastique injection was performed in all. Subureteric injection was performed in 60 patients (86%), whereas intraureteric injection was performed in 10 patients. No postoperative complications were detected. The effect of grade, UD, and UDR on success after endoscopic injection was tested. UD and UDR were significant predictors of reflux resolution on logistic regression analysis (P <.007 and .001, respectively).",0.7801160216331482,"The distal ureteral diameter has been studied as a potential predictor for the resolution of vesicoureteral reflux (VUR) after endoscopic injection treatment. Some studies suggest that a larger distal ureteral diameter may be associated with a lower likelihood of reflux resolution following endoscopic injection, as it may indicate more significant anatomical abnormalities or dysfunction. However, the predictive value of distal ureteral diameter alone is not universally accepted, and other factors such as the grade of reflux, the presence of bladder dysfunction, and the technique of injection also play significant roles in determining the outcome.

Overall, while distal ureteral diameter may provide some insight, it is not a definitive predictor of reflux resolution after endoscopic injection.

VERDICT: no","Step 1 — What biological mechanism or clinical concept is relevant here?

The biological mechanism relevant to this question involves vesicoureteral reflux (VUR), a condition where urine flows backward from the bladder into the ureters and sometimes into the kidneys. Endoscopic injection, often using a bulking agent like dextranomer/hyaluronic acid (Deflux), is a minimally invasive procedure used to treat VUR by creating a bulge at the ureteral orifice to prevent reflux. The distal ureteral diameter could potentially influence the success of this procedure, as a wider ureter might be less likely to maintain the bulge created by the injection, potentially affecting reflux resolution.

Step 2 — What does the evidence generally suggest?

Evidence from clinical studies suggests that certain anatomical factors, including the distal ureteral diameter, can influence the success rate of endoscopic injection for VUR. Some studies have indicated that a smaller distal ureteral diameter is associated with a higher likelihood of reflux resolution after endoscopic treatment. This is because a narrower ureter may better support the bulking agent, maintaining the necessary obstruction to prevent reflux. Conversely, a larger ureteral diameter might not hold the injected material as effectively, potentially leading to lower success rates.

Step 3 — What is the most supported conclusion?

The most supported conclusion, based on available evidence, is that the distal ureteral diameter can indeed be a predictive factor for the resolution of reflux after endoscopic injection. A smaller distal ureteral diameter is generally associated with better outcomes in terms of reflux resolution. Therefore, measuring the distal ureteral diameter could be a useful part of preoperative assessment to predict the likelihood of success with endoscopic treatment for VUR.

VERDICT: yes","The evidence provided includes a study (Source 1) that specifically investigates the predictive value of distal ureteral diameter (UD) on reflux resolution after endoscopic injection in children with primary vesicoureteral reflux (VUR). This study involved a retrospective review of patients and measured the largest UD within the false pelvis, using a UD ratio (UDR) for analysis. However, the abstract does not provide the results or conclusions of the study, so it is unclear whether distal ureteral diameter can indeed predict reflux resolution after endoscopic injection.

The other sources (Source 2 and Source 3) do not address the question of distal ureteral diameter's predictive value for reflux resolution after endoscopic injection, as they focus on ureteroscopy for ureteric stones and the feasibility of ureteroscopy without ureteral meatus dilatation.

Based on the evidence provided, there is insufficient information to determine whether distal ureteral diameter can predict reflux resolution after endoscopic injection.

VERDICT: no","Step 1 — What do the retrieved sources say about this topic?
- Source 1 specifically addresses the predictive value of distal ureteral diameter (UD) on reflux resolution after endoscopic injection in children with primary vesicoureteral reflux (VUR). It describes a study where the largest UD within the false pelvis was measured and used to calculate a UD ratio (UDR) to assess its predictive value for reflux resolution.
- Source 2 and Source 3 do not address the topic of distal ureteral diameter in relation to reflux resolution after endoscopic injection. They focus on ureteroscopy for ureteric stones and the feasibility of ureteroscopy without ureteral meatus dilatation, respectively.

Step 2 — Do the sources agree or contradict each other?
- Source 1 is the only source that directly addresses the question of whether distal ureteral diameter can predict reflux resolution after endoscopic injection. Sources 2 and 3 do not provide relevant information on this topic, so there is no agreement or contradiction among the sources regarding the specific question.

Step 3 — What is the most evidence-supported conclusion?
- Since Source 1 is the only source that provides relevant information on the predictive value of distal ureteral diameter for reflux resolution after endoscopic injection, it is the primary evidence to consider. Source 1 suggests that distal ureteral diameter was measured and analyzed for its predictive value, implying that it may have some relevance in predicting reflux resolution.

Based on the available evidence, the conclusion is that distal ureteral diameter can predict reflux resolution after endoscopic injection, as suggested by Source 1.

VERDICT: yes",no,yes,no,yes,"[-0.00046968 -0.01629639  0.04446411 ... -0.00744629  0.00429916
  0.01835632]","[-0.01199341 -0.00902557  0.03295898 ... -0.01696777 -0.00442505
  0.01113892]","[-0.00676727 -0.00487518  0.02746582 ...  0.0062561  -0.00823212
  0.0112381 ]","[-0.00578308 -0.00024676  0.04345703 ...  0.00972748 -0.00297737
  0.01194   ]","[-0.00667953  0.01000977  0.0479126  ... -0.01491547 -0.02003479
 -0.00083494]",0.8236177563667297,0,0.8087438344955444,0,0.8571454286575317,0,0.8185986280441284,0
22,Is duration of psychological treatment for depression related to return into treatment?,yes,"There is increasing pressure on mental health providers to reduce the duration of treatments, while retaining level of quality and effectiveness. The risk is that the population is underserved and therefore needs new treatment episodes. The primary aim of this study was to investigate whether duration of treatment and return into mental health care were related. This study examined Dutch patients with an initial treatment episode in 2009 or 2010 in specialized mental health settings for depressive disorder (N = 85,754). Follow-up data about treatment episodes were available up until 2013. The data set included demographic (age, gender), and clinical factors (comorbidity with other DSM-IV Axis; scores on the 'Global Assessment of Functioning'). Cox regression analyses were used to assess whether duration of treatment and relapse into mental health care were related. The majority of patients did not return into mental health care (86 %). Patients with a shorter duration of treatment (5-250 min; 251-500 min and 751-1000 min) were slightly more likely to return (reference group:>1000 min) (HR 1.19 95 % CI 1.13-1.26; HR 1.11 95 % CI 1.06-1.17; HR 1.18 95 % CI 1.11-1.25), adjusted for demographic and clinical variables.","There is increasing pressure on mental health providers to reduce the duration of treatments, while retaining level of quality and effectiveness. The risk is that the population is underserved and therefore needs new treatment episodes. The primary aim of this study was to investigate whether duration of treatment and return into mental health care were related. This study examined Dutch patients with an initial treatment episode in 2009 or 2010 in specialized mental health settings for depressive disorder (N = 85,754). Follow-up data about treatment episodes were available up until 2013. The data set included demographic (age, gender), and clinical factors (comorbidity with other DSM-IV Axis; scores on the 'Global Assessment of Functioning'). Cox regression analyses were used to assess whether duration of treatment and relapse into mental health care were related. The majority of patients did not return into mental health care (86 %). Patients with a shorter duration of treatment (5-250 min; 251-500 min and 751-1000 min) were slightly more likely to return (reference group:>1000 min) (HR 1.19 95 % CI 1.13-1.26; HR 1.11 95 % CI 1.06-1.17; HR 1.18 95 % CI 1.11-1.25), adjusted for demographic and clinical variables.",0.7139296531677246,"The relationship between the duration of psychological treatment for depression and the likelihood of returning to treatment is a topic of interest in clinical research. Studies have shown that shorter durations of initial treatment may be associated with higher rates of relapse or return to treatment. This is because shorter treatment durations might not provide sufficient time for patients to fully develop coping strategies or achieve sustained remission. Conversely, longer treatment durations are often associated with better long-term outcomes and reduced likelihood of returning to treatment, as they allow for more comprehensive therapy and consolidation of therapeutic gains.

VERDICT: yes","Step 1 — What biological mechanism or clinical concept is relevant here?

The relevant clinical concept here is the relationship between the duration of psychological treatment for depression and the likelihood of a patient returning to treatment. This involves understanding how the length of therapy sessions or the overall treatment period might influence treatment outcomes, patient satisfaction, and the potential for relapse or recurrence of depressive symptoms. Psychological treatments for depression, such as cognitive-behavioral therapy (CBT), often require a certain duration to be effective, and insufficient treatment duration might lead to incomplete recovery, increasing the likelihood of patients needing to return to treatment.

Step 2 — What does the evidence generally suggest?

Evidence in the field of psychotherapy for depression suggests that the duration of treatment can significantly impact its effectiveness. Shorter treatment durations may not allow sufficient time for patients to fully engage with therapeutic processes, learn coping strategies, and achieve a stable remission of symptoms. Studies have shown that longer treatment durations are often associated with better outcomes and lower relapse rates. Conversely, shorter or prematurely terminated treatments may lead to incomplete symptom resolution, increasing the likelihood of relapse and the need for patients to return to treatment.

Step 3 — What is the most supported conclusion?

The most supported conclusion, based on the evidence, is that the duration of psychological treatment for depression is indeed related to the likelihood of returning to treatment. Longer treatment durations are generally associated with more sustained improvements and lower relapse rates, while shorter durations may lead to incomplete recovery and a higher chance of patients needing to return to treatment.

VERDICT: yes","The evidence provided in Source 1 suggests that there is a relationship between the duration of psychological treatment for depression and the likelihood of returning into treatment. The study examined Dutch patients with an initial treatment episode in specialized mental health settings for depressive disorder and aimed to investigate whether the duration of treatment was related to the need for new treatment episodes. Although the abstract is incomplete, it implies that the duration of treatment may influence the return into mental health care.

Source 2 and Source 3 do not directly address the relationship between treatment duration and return into treatment. Source 2 focuses on relapse rates and predictive factors in a Spanish outpatient sample, while Source 3 discusses the gap between evidence-based treatments and routine care, emphasizing measurement-based care for depression treatment.

Based on the information from Source 1, there is an indication that the duration of psychological treatment for depression is related to the return into treatment.

VERDICT: yes","Step 1 — What do the retrieved sources say about this topic?

- Source 1 discusses a study that investigated the relationship between the duration of treatment and the return into mental health care for patients with depressive disorder. It implies that there is a concern that shorter treatment durations might lead to patients being underserved, potentially necessitating new treatment episodes.
- Source 2 focuses on relapse rates and factors in patients with unipolar major depressive episodes, noting a higher rate of relapses in those with partial remission. While it does not directly address treatment duration, it suggests that incomplete treatment (partial remission) is associated with higher relapse rates.
- Source 3 highlights the gap between evidence-based treatments and routine care, emphasizing the importance of measurement-based care for achieving response and remission in depression treatment. It does not directly address the relationship between treatment duration and return to treatment.

Step 2 — Do the sources agree or contradict each other?

The sources do not directly contradict each other, but they focus on different aspects of depression treatment. Source 1 directly addresses the relationship between treatment duration and return to treatment, suggesting a potential link. Source 2 indirectly supports the idea that inadequate treatment (e.g., partial remission) can lead to relapse, which might imply a return to treatment. Source 3 does not address the question directly but emphasizes the importance of effective treatment strategies.

Step 3 — What is the most evidence-supported conclusion?

The most direct evidence comes from Source 1, which specifically investigates the relationship between treatment duration and return to mental health care. It suggests that shorter treatment durations might lead to patients being underserved, potentially resulting in the need for additional treatment episodes. Source 2 indirectly supports this by indicating that incomplete treatment can lead to relapse, which may necessitate further treatment.

VERDICT: yes",yes,yes,yes,yes,"[-0.02641296  0.01361847  0.07885742 ...  0.01063538  0.01200867
  0.01487732]","[-0.02325439  0.00432968  0.06713867 ...  0.01111603  0.00712204
  0.02246094]","[-2.4444580e-02  1.9989014e-02  6.5368652e-02 ...  1.2107849e-02
  3.9815903e-05  8.5906982e-03]","[-0.02641296  0.01428223  0.06744385 ...  0.02783203  0.00190544
  0.00591278]","[-0.01612854  0.01165009  0.08660889 ... -0.00716782 -0.01396179
  0.01812744]",0.7515650987625122,0,0.7121305465698242,1,0.7903698682785034,0,0.7405970692634583,1
23,Does the radiographic transition zone correlate with the level of aganglionosis on the specimen in Hirschsprung's disease?,no,"The correlation between radiographic transition zone on contrast enema in Hirschsprung's disease and the total length of aganglionosis is known to be inaccurate. The aim of our study was to analyse this correlation more precisely to improve preoperative planning of the corrective surgery. From 1998 to 2009, 79 patients were operated on for Hirschsprung's disease. All available preoperative contrast enemas (n = 61) had been single blind reviewed by the same radiologist who defined the radiographic transition zone when present in vertebral level. Four groups were determined (rectal, rectosigmoid, long segment, and absence of transition zone) and by Kappa coefficient of agreement correlated to the length of aganglionosis in the pathological report. Radiological findings were concordant with the specimen in pathology in 8 cases of 19 in rectal form (42 %), in 20 cases of 35 in rectosigmoid form (57 %), in all 6 cases of long-segment form (100 %), in the 2 cases of total colonic form (100 %) with a global agreement of 58.1 %, κ = 0.39 CI [0.24; 0.57].","The correlation between radiographic transition zone on contrast enema in Hirschsprung's disease and the total length of aganglionosis is known to be inaccurate. The aim of our study was to analyse this correlation more precisely to improve preoperative planning of the corrective surgery. From 1998 to 2009, 79 patients were operated on for Hirschsprung's disease. All available preoperative contrast enemas (n = 61) had been single blind reviewed by the same radiologist who defined the radiographic transition zone when present in vertebral level. Four groups were determined (rectal, rectosigmoid, long segment, and absence of transition zone) and by Kappa coefficient of agreement correlated to the length of aganglionosis in the pathological report. Radiological findings were concordant with the specimen in pathology in 8 cases of 19 in rectal form (42 %), in 20 cases of 35 in rectosigmoid form (57 %), in all 6 cases of long-segment form (100 %), in the 2 cases of total colonic form (100 %) with a global agreement of 58.1 %, κ = 0.39 CI [0.24; 0.57].",0.8003981709480286,"In Hirschsprung's disease, the radiographic transition zone is an area seen on contrast enema studies where there is a change from a dilated proximal bowel to a narrow distal bowel. This transition zone is often used as a radiological marker to suggest the level of aganglionosis, which is the absence of ganglion cells in the bowel wall, characteristic of Hirschsprung's disease. However, studies have shown that the radiographic transition zone does not always accurately correlate with the histological level of aganglionosis. The transition zone can sometimes be proximal to the actual level of aganglionosis due to secondary changes in bowel motility and function. Therefore, while the transition zone can provide a general indication, it is not a reliable predictor of the exact level of aganglionosis.

VERDICT: no","Step 1 — What biological mechanism or clinical concept is relevant here?

Hirschsprung's disease is a congenital condition characterized by the absence of ganglion cells in the distal bowel, leading to a functional obstruction. The transition zone in Hirschsprung's disease refers to the area where the normal ganglionated bowel transitions to the aganglionic segment. Radiographically, this is often identified as a change in bowel caliber, with a dilated proximal segment and a narrowed distal segment. The clinical question is whether the radiographic transition zone accurately reflects the histological level of aganglionosis, which is crucial for surgical planning and management.

Step 2 — What does the evidence generally suggest?

The evidence on this topic indicates that there is often a discrepancy between the radiographic transition zone and the actual histological level of aganglionosis. Studies have shown that the radiographic transition zone can be proximal to the true histological transition zone. This discrepancy can be due to several factors, including the presence of a transitional zone with varying degrees of ganglion cell density and the presence of hypertrophic nerve trunks. Therefore, while radiographic findings can provide a general guide, they are not always precise in determining the exact level of aganglionosis.

Step 3 — What is the most supported conclusion?

Given the evidence, the most supported conclusion is that while there is some correlation between the radiographic transition zone and the level of aganglionosis, it is not a reliable indicator. The radiographic transition zone often does not precisely match the histological findings, and reliance solely on radiographic findings can lead to inaccurate surgical planning. Histological examination remains the gold standard for determining the level of aganglionosis.

VERDICT: no","The evidence provided in Source 1 indicates that the correlation between the radiographic transition zone on contrast enema and the total length of aganglionosis in Hirschsprung's disease is known to be inaccurate. The study aimed to analyze this correlation more precisely to improve preoperative planning, suggesting that the existing correlation is not reliable.

VERDICT: no","Step 1 — What do the retrieved sources say about this topic?
The only source that discusses the radiographic transition zone in Hirschsprung's disease is Source 1. It states that the correlation between the radiographic transition zone on contrast enema and the total length of aganglionosis is known to be inaccurate. The study aimed to analyze this correlation more precisely to improve preoperative planning for corrective surgery.

Step 2 — Do the sources agree or contradict each other?
Only Source 1 addresses the correlation between the radiographic transition zone and the level of aganglionosis in Hirschsprung's disease. The other sources do not discuss this topic, so there is no agreement or contradiction among the sources.

Step 3 — What is the most evidence-supported conclusion?
Based on Source 1, the correlation between the radiographic transition zone and the level of aganglionosis in Hirschsprung's disease is considered inaccurate. The study aimed to analyze this correlation more precisely, suggesting that the existing correlation is not reliable.

Final verdict:
VERDICT: no",no,no,no,no,"[ 0.03121948 -0.00094366  0.01058197 ...  0.02157593 -0.02346802
 -0.0090332 ]","[ 0.02355957  0.0107193   0.01550293 ...  0.01776123 -0.02632141
  0.00652313]","[ 0.04092407 -0.00552368  0.00585175 ...  0.0186615  -0.03019714
 -0.0036869 ]","[ 0.0125351  -0.01875305  0.01651001 ...  0.03369141 -0.02975464
 -0.00234604]","[ 0.01436615  0.00621414  0.04534912 ...  0.02415466 -0.02752686
 -0.01847839]",0.8219587206840515,0,0.785884439945221,0,0.8578540086746216,0,0.842219352722168,0
24,Is the clinically positive axilla in breast cancer really a contraindication to sentinel lymph node biopsy?,no,"Clinically positive axillary nodes are widely considered a contraindication to sentinel lymph node (SLN) biopsy in breast cancer, yet no data support this mandate. In fact, data from the era of axillary lymph node dissection (ALND) suggest that clinical examination of the axilla is falsely positive in as many as 30% of cases. Here we report the results of SLN biopsy in a selected group of breast cancer patients with palpable axillary nodes classified as either moderately or highly suspicious for metastasis. Among 2,027 consecutive SLN biopsy procedures performed by two experienced surgeons, clinically suspicious axillary nodes were identified in 106, and categorized as group 1 (asymmetric enlargement of the ipsilateral axillary nodes moderately suspicious for metastasis, n = 62) and group 2 (clinically positive axillary nodes highly suspicious for metastasis, n = 44). Clinical examination of the axilla was inaccurate in 41% of patients (43 of 106) overall, and was falsely positive in 53% of patients (33 of 62) with moderately suspicious nodes and 23% of patients (10 of 44) with highly suspicious nodes. False-positive results were less frequent with larger tumor size (p = 0.002) and higher histologic grade (p = 0.002), but were not associated with age, body mass index, or a previous surgical biopsy.","Clinically positive axillary nodes are widely considered a contraindication to sentinel lymph node (SLN) biopsy in breast cancer, yet no data support this mandate. In fact, data from the era of axillary lymph node dissection (ALND) suggest that clinical examination of the axilla is falsely positive in as many as 30% of cases. Here we report the results of SLN biopsy in a selected group of breast cancer patients with palpable axillary nodes classified as either moderately or highly suspicious for metastasis. Among 2,027 consecutive SLN biopsy procedures performed by two experienced surgeons, clinically suspicious axillary nodes were identified in 106, and categorized as group 1 (asymmetric enlargement of the ipsilateral axillary nodes moderately suspicious for metastasis, n = 62) and group 2 (clinically positive axillary nodes highly suspicious for metastasis, n = 44). Clinical examination of the axilla was inaccurate in 41% of patients (43 of 106) overall, and was falsely positive in 53% of patients (33 of 62) with moderately suspicious nodes and 23% of patients (10 of 44) with highly suspicious nodes. False-positive results were less frequent with larger tumor size (p = 0.002) and higher histologic grade (p = 0.002), but were not associated with age, body mass index, or a previous surgical biopsy.",0.7819620966911316,"Traditionally, a clinically positive axilla in breast cancer, which indicates the presence of palpable lymph nodes or imaging findings suggestive of metastasis, was considered a contraindication to sentinel lymph node biopsy (SLNB). This was because it was assumed that the sentinel lymph node would likely be bypassed, leading to false-negative results. However, recent studies and clinical guidelines have evolved, suggesting that SLNB can still be performed in certain cases of clinically positive axilla, especially after neoadjuvant chemotherapy, which can downstage the axilla. This approach can help avoid more extensive axillary lymph node dissection (ALND) and its associated morbidities if the SLNB is negative after treatment. Therefore, while a clinically positive axilla was historically a contraindication, current practices may allow for SLNB in specific scenarios.

VERDICT: no","Step 1 — What biological mechanism or clinical concept is relevant here?

The concept of sentinel lymph node biopsy (SLNB) is crucial in the management of breast cancer. SLNB is a minimally invasive procedure used to determine the presence of cancer cells in the sentinel lymph nodes, which are the first nodes to which cancer cells are likely to spread from a primary tumor. Traditionally, a clinically positive axilla, which indicates palpable lymph nodes or nodes identified as suspicious through imaging, has been considered a contraindication for SLNB. This is because the presence of clinically positive nodes suggests a higher likelihood of metastasis, leading to the preference for axillary lymph node dissection (ALND) to ensure comprehensive removal of potentially affected nodes.

Step 2 — What does the evidence generally suggest?

Recent studies and clinical trials have challenged the traditional view that a clinically positive axilla is an absolute contraindication for SLNB. Evidence suggests that SLNB can be safely and effectively performed in certain patients with clinically positive axillae, particularly after neoadjuvant chemotherapy, which can downstage the disease. The ACOSOG Z1071 trial and other studies have shown that SLNB can accurately assess nodal status in patients who have had a good response to neoadjuvant therapy, with acceptable false-negative rates when dual tracer techniques are used. This approach can reduce the morbidity associated with ALND, such as lymphedema, without compromising oncological outcomes.

Step 3 — What is the most supported conclusion?

The most supported conclusion is that while a clinically positive axilla has traditionally been a contraindication for SLNB, emerging evidence supports the use of SLNB in selected patients, particularly those who have received neoadjuvant chemotherapy and have a good clinical response. This approach can provide accurate staging information with less morbidity compared to ALND. However, patient selection and surgical expertise are critical to ensure the accuracy and safety of SLNB in this context.

VERDICT: no","The evidence from Source 1 suggests that clinically positive axillary nodes in breast cancer are widely considered a contraindication to sentinel lymph node (SLN) biopsy. However, it also indicates that there is no data supporting this mandate, and clinical examination of the axilla can be falsely positive in up to 30% of cases. This implies that the contraindication may not be as absolute as traditionally thought, and SLN biopsy could still be considered in certain cases despite clinically positive axillary nodes.

VERDICT: no","Step 1 — What do the retrieved sources say about this topic?
- Source 1 discusses the use of sentinel lymph node (SLN) biopsy in breast cancer patients with clinically positive axillary nodes. It suggests that clinical examination of the axilla can be falsely positive in up to 30% of cases, indicating that clinically positive axillary nodes may not always be a contraindication for SLN biopsy. The source implies that SLN biopsy can still be performed in selected patients with palpable axillary nodes.

Step 2 — Do the sources agree or contradict each other?
- Only Source 1 directly addresses the question of whether clinically positive axilla in breast cancer is a contraindication to SLN biopsy. The other sources focus on different topics related to lymph node dissection in lung cancer and do not provide information relevant to the question about breast cancer.

Step 3 — What is the most evidence-supported conclusion?
- Based on Source 1, there is evidence suggesting that clinically positive axillary nodes in breast cancer are not an absolute contraindication to SLN biopsy. The source highlights that clinical examination can be falsely positive, and SLN biopsy may still be feasible in certain cases. Therefore, the evidence does not support the notion that clinically positive axilla is a strict contraindication.

VERDICT: no",no,no,no,no,"[ 0.04748535 -0.02622986  0.03533936 ... -0.0047493   0.01087952
  0.00872803]","[ 0.03656006  0.00115395  0.03713989 ... -0.01148987  0.00402832
  0.00554276]","[ 0.052948   -0.02865601  0.01699829 ...  0.00230217 -0.0060997
  0.00537109]","[ 0.04217529 -0.02651978  0.01493835 ...  0.00439072 -0.00188065
  0.0094223 ]","[ 0.02005005 -0.02584839  0.03683472 ... -0.01292419 -0.02423096
 -0.00671768]",0.8722311854362488,0,0.8287420868873596,0,0.8691893815994263,0,0.8409711122512817,0
25,Is the breast best for children with a family history of atopy?,yes,"Previous studies reported that breast-feeding protects children against a variety of diseases, but these studies were generally conducted on ""high-risk"" or hospitalized children. This paper describes the results of our study on the effects of breast-feeding on rate of illness in normal children with a family history of atopy. A historic cohort approach of 794 children with a family history of atopy was used to assess the effects of breast-feeding on illness rates. Family history of atopy was based on allergic diseases in family members as registered by the family physician. Illness data from birth onwards were available from the Continuous Morbidity Registration of the Department of Family Medicine. Information on breast-feeding was collected by postal questionnaire. We then compared rates of illness between children with a family history of atopy who were and who were not breast-fed. Breast-feeding was related to lower levels of childhood illness both in the first and the first three years of life. In the first year of life they had fewer episodes of gastroenteritis, lower respiratory tract infections, and digestive tract disorders. Over the next three years of life they had fewer respiratory tract infections and skin infections.","Previous studies reported that breast-feeding protects children against a variety of diseases, but these studies were generally conducted on ""high-risk"" or hospitalized children. This paper describes the results of our study on the effects of breast-feeding on rate of illness in normal children with a family history of atopy. A historic cohort approach of 794 children with a family history of atopy was used to assess the effects of breast-feeding on illness rates. Family history of atopy was based on allergic diseases in family members as registered by the family physician. Illness data from birth onwards were available from the Continuous Morbidity Registration of the Department of Family Medicine. Information on breast-feeding was collected by postal questionnaire. We then compared rates of illness between children with a family history of atopy who were and who were not breast-fed. Breast-feeding was related to lower levels of childhood illness both in the first and the first three years of life. In the first year of life they had fewer episodes of gastroenteritis, lower respiratory tract infections, and digestive tract disorders. Over the next three years of life they had fewer respiratory tract infections and skin infections.",0.7030075192451477,"Breastfeeding is generally considered beneficial for infants, including those with a family history of atopy (such as asthma, eczema, or allergic rhinitis). Breast milk contains antibodies and other immunological factors that can help protect against infections and may modulate the infant's immune system. Some studies suggest that exclusive breastfeeding for at least 3 to 4 months may reduce the risk of developing atopic dermatitis and wheezing in early childhood, although the evidence is not entirely consistent across all studies. Additionally, breastfeeding has numerous other health benefits for both the infant and the mother.

However, it is important to note that while breastfeeding may offer some protective effects against the development of atopic diseases, it does not guarantee prevention. The decision to breastfeed should also consider other factors, including maternal health, infant needs, and personal circumstances.

VERDICT: yes","Step 1 — What biological mechanism or clinical concept is relevant here?

The relevant biological mechanism involves the immunological and nutritional benefits of breastfeeding. Breast milk contains antibodies, immune-modulating factors, and nutrients that can influence the development of the infant's immune system. In the context of atopy, which includes conditions like asthma, eczema, and allergic rhinitis, breastfeeding is thought to potentially reduce the risk of developing these conditions due to its immune-protective properties.

Step 2 — What does the evidence generally suggest?

The evidence on breastfeeding and its impact on atopy is mixed but generally suggests some protective effect. Several studies have indicated that exclusive breastfeeding for at least the first 3 to 4 months of life may reduce the risk of developing atopic diseases, particularly in children with a family history of atopy. The protective effect is thought to be due to the presence of immunoglobulins, cytokines, and other bioactive components in breast milk that help modulate the infant's immune response and gut microbiota.

However, some studies have shown no significant association or only a modest protective effect. The variability in findings may be due to differences in study design, population, duration of breastfeeding, and other environmental factors.

Step 3 — What is the most supported conclusion?

Considering the biological plausibility and the general trend in the evidence, breastfeeding is likely beneficial for children with a family history of atopy. While it may not completely prevent atopic diseases, it appears to offer some level of protection and is associated with numerous other health benefits. Therefore, breastfeeding is generally recommended as the best option for infants, including those with a family history of atopy.

VERDICT: yes","The evidence provided in Source 1 suggests that a study was conducted to assess the effects of breast-feeding on illness rates in normal children with a family history of atopy. However, the abstract does not provide specific results or conclusions from this study regarding whether breast-feeding is beneficial for these children. The other sources do not address breast-feeding or its effects on children with a family history of atopy. Therefore, based on the evidence provided, there is insufficient information to determine if breast-feeding is beneficial for children with a family history of atopy.

VERDICT: no","Step 1 — What do the retrieved sources say about this topic?
- Source 1 discusses a study on the effects of breast-feeding on illness rates in normal children with a family history of atopy. It implies that breast-feeding may have protective effects against illnesses in these children, although the specific outcomes or results of the study are not detailed in the provided excerpt.
- Source 2 and Source 3 do not directly address the effects of breast-feeding on children with a family history of atopy. Source 2 focuses on the relationship between fast food consumption and the prevalence of asthma and allergies, while Source 3 discusses asthma prevalence estimation using prescription data.

Step 2 — Do the sources agree or contradict each other?
- Source 1 is the only source that directly addresses the question of whether breast-feeding is beneficial for children with a family history of atopy. The other sources do not provide information relevant to this specific question, so there is no basis for agreement or contradiction among the sources regarding the effects of breast-feeding on children with a family history of atopy.

Step 3 — What is the most evidence-supported conclusion?
- Based on the available evidence, Source 1 suggests that breast-feeding may have protective effects against illnesses in children with a family history of atopy. However, the specific outcomes or results are not detailed in the excerpt, so the conclusion is somewhat limited by the lack of detailed data.

Final verdict:
VERDICT: yes",yes,yes,no,yes,"[ 0.03004456 -0.03317261  0.03897095 ...  0.0072403  -0.00527954
  0.00295258]","[ 0.03634644 -0.02430725  0.0100174  ...  0.01507568 -0.00255203
  0.00374794]","[ 0.05200195 -0.02505493  0.00826263 ...  0.01771545 -0.01046753
 -0.01789856]","[ 0.03543091 -0.02568054  0.00945282 ...  0.01675415 -0.01145935
 -0.00471878]","[ 0.03601074 -0.03503418  0.03787231 ...  0.01141357 -0.02075195
 -0.03866577]",0.738086462020874,1,0.7802900075912476,0,0.8094825148582458,0,0.7797902822494507,0
26,Do general practice characteristics influence uptake of an information technology (IT) innovation in primary care?,no,"Recent evaluations of IT innovations in primary care have highlighted variations between centres and practices in uptake and use. We evaluated whether structural characteristics of a general practice were associated with variations in use of a web-based clinical information system underpinning a Managed Clinical Network in diabetes, between the years 2001 and 2003. Using a computerised audit trail, we calculated the numbers of web-based operations that occurred in each practice, stratified by staff type and year, and adjusted for the numbers of registered diabetic patients. In regression analyses, we determined whether total use was associated with structural characteristics of the practice (total list size, training status, numbers of GPs (general practitioners), mean age of the GPs, numbers of female GPs, level of deprivation of the population and whether staff had received advanced training in diabetes care). Initially there were a few practices which made very frequent use of the information system, with relatively high numbers of practices using the facility infrequently. However, overall use gradually became more evenly spread. This effect was particularly evident among nurse users. Frequent use by GPs was evident in only a small number of practices, with mean GP use decreasing over the three years. In linear regression analyses, none of the general practice variables were associated with online use, either overall or stratified by staff type, except for the numbers of diabetes-educated staff. This was consistently associated with increased use by nurses and GPs.","Recent evaluations of IT innovations in primary care have highlighted variations between centres and practices in uptake and use. We evaluated whether structural characteristics of a general practice were associated with variations in use of a web-based clinical information system underpinning a Managed Clinical Network in diabetes, between the years 2001 and 2003. Using a computerised audit trail, we calculated the numbers of web-based operations that occurred in each practice, stratified by staff type and year, and adjusted for the numbers of registered diabetic patients. In regression analyses, we determined whether total use was associated with structural characteristics of the practice (total list size, training status, numbers of GPs (general practitioners), mean age of the GPs, numbers of female GPs, level of deprivation of the population and whether staff had received advanced training in diabetes care). Initially there were a few practices which made very frequent use of the information system, with relatively high numbers of practices using the facility infrequently. However, overall use gradually became more evenly spread. This effect was particularly evident among nurse users. Frequent use by GPs was evident in only a small number of practices, with mean GP use decreasing over the three years. In linear regression analyses, none of the general practice variables were associated with online use, either overall or stratified by staff type, except for the numbers of diabetes-educated staff. This was consistently associated with increased use by nurses and GPs.",0.6671038866043091,"Yes, general practice characteristics do influence the uptake of an information technology (IT) innovation in primary care. Several studies have shown that factors such as the size of the practice, the presence of IT champions, the level of IT infrastructure, and the overall readiness for change can significantly impact the adoption and implementation of IT innovations. Practices with more resources, supportive leadership, and a culture open to change are more likely to successfully integrate new IT solutions. Additionally, the specific needs and workflows of a practice can determine how well an IT innovation is received and utilized.

VERDICT: yes","Step 1 — What biological mechanism or clinical concept is relevant here?

The relevant concept here is the adoption of information technology (IT) innovations in primary care settings. This involves understanding how various characteristics of general practice, such as size, resources, staff training, and organizational culture, can influence the uptake and integration of new IT systems. The diffusion of innovations theory, which explains how, why, and at what rate new ideas and technology spread, is particularly relevant. Factors such as perceived usefulness, ease of use, and compatibility with existing systems are crucial in determining the adoption of IT innovations.

Step 2 — What does the evidence generally suggest?

Evidence suggests that several characteristics of general practice can significantly influence the uptake of IT innovations. Larger practices with more resources may have a higher capacity to adopt new technologies due to better infrastructure and financial capability. Practices with a culture that supports innovation and continuous improvement are more likely to embrace new IT systems. Additionally, the presence of IT champions or leaders within a practice can facilitate the adoption process. Training and support for staff are also critical factors that can enhance the likelihood of successful IT implementation.

Step 3 — What is the most supported conclusion?

The most supported conclusion is that general practice characteristics do indeed influence the uptake of IT innovations in primary care. Practices that are larger, better resourced, and have a supportive culture towards innovation are more likely to successfully adopt new IT systems. The presence of leadership and adequate training further supports this process. Therefore, understanding and optimizing these characteristics can enhance the adoption and integration of IT innovations in primary care settings.

VERDICT: yes","The evidence provided in Source 1 suggests that there are variations in the uptake and use of a web-based clinical information system in primary care, specifically within a Managed Clinical Network for diabetes. The study evaluated whether structural characteristics of a general practice were associated with these variations. Although the abstract is incomplete, it implies that such characteristics may indeed influence the uptake of IT innovations in primary care.

VERDICT: yes","Step 1 — What do the retrieved sources say about this topic?

- Source 1 discusses an evaluation of IT innovations in primary care, specifically focusing on the use of a web-based clinical information system for diabetes management. It highlights variations in uptake and use between different centers and practices and investigates whether structural characteristics of a general practice are associated with these variations.

- Source 2 does not directly address the influence of general practice characteristics on IT innovation uptake. Instead, it focuses on the use of electronic health records and automated prompts to influence primary care physicians' behavior regarding family history risk.

- Source 3 examines the adoption of new drugs by general practitioners, analyzing whether early adoption is a personal trait. It does not directly address IT innovations or the influence of practice characteristics on their uptake.

Step 2 — Do the sources agree or contradict each other?

- Source 1 provides direct evidence that general practice characteristics may influence the uptake of IT innovations, as it specifically investigates this association.
- Source 2 and Source 3 do not provide relevant information on the influence of practice characteristics on IT innovation uptake, so they neither agree nor contradict Source 1.

Step 3 — What is the most evidence-supported conclusion?

The only source that directly addresses the question is Source 1, which suggests that structural characteristics of a general practice are associated with variations in the uptake of IT innovations. The other sources do not provide relevant information to support or contradict this finding.

VERDICT: yes",yes,yes,yes,yes,"[-0.02244568 -0.0038166   0.05383301 ... -0.04327393 -0.02722168
  0.02905273]","[-0.00298119  0.0164032   0.0552063  ... -0.02705383 -0.02093506
  0.03067017]","[-0.01409149  0.01241302  0.03607178 ... -0.0011797  -0.03213501
  0.00174332]","[-0.022995    0.01178741  0.0425415  ... -0.02270508 -0.019104
  0.02584839]","[-0.0519104   0.04324341  0.08477783 ... -0.02204895 -0.02958679
 -0.00391769]",0.6242783665657043,1,0.6365031003952026,1,0.8220999240875244,0,0.679117739200592,1
27,Cervical spine fractures in geriatric blunt trauma patients with low-energy mechanism: are clinical predictors adequate?,no,"Studies have identified clinical predictors to guide radiologic evaluation of the cervical spine in geriatric patients. We hypothesized that clinical predictors are not adequate in the identification of cervical spine fractures in geriatric blunt trauma patients with low-energy mechanism. A retrospective case-control study was performed on geriatric blunt trauma patients sustaining low-energy trauma from January 2000 to January 2006. A data form including 8 clinical predictors was completed for each group. There were 35 study and 64 control patients identified. Both groups were similar in age (study 83.6 vs control 81.2) and injury severity score (study 9.06 vs control 9.61). Only neck tenderness exceeded the expected occurrence in the presence of a cervical spine injury (chi(2) = 18.1, P = .001) in just 45.5% of the study group.","Studies have identified clinical predictors to guide radiologic evaluation of the cervical spine in geriatric patients. We hypothesized that clinical predictors are not adequate in the identification of cervical spine fractures in geriatric blunt trauma patients with low-energy mechanism. A retrospective case-control study was performed on geriatric blunt trauma patients sustaining low-energy trauma from January 2000 to January 2006. A data form including 8 clinical predictors was completed for each group. There were 35 study and 64 control patients identified. Both groups were similar in age (study 83.6 vs control 81.2) and injury severity score (study 9.06 vs control 9.61). Only neck tenderness exceeded the expected occurrence in the presence of a cervical spine injury (chi(2) = 18.1, P = .001) in just 45.5% of the study group.",0.8564125299453735,"In geriatric patients, especially those who have experienced low-energy mechanisms of injury, cervical spine fractures can be challenging to predict using clinical predictors alone. Studies have shown that traditional clinical predictors, such as the presence of neck pain or tenderness, may not be as reliable in the elderly population due to factors like altered pain perception, communication difficulties, and the presence of comorbidities. Additionally, geriatric patients often have age-related changes in their cervical spine, which can complicate the clinical assessment. Therefore, relying solely on clinical predictors without imaging may not be adequate for identifying cervical spine fractures in this population.

VERDICT: no","Step 1 — What biological mechanism or clinical concept is relevant here?

The clinical concept relevant to this question involves the assessment and prediction of cervical spine fractures in geriatric patients who have experienced blunt trauma through low-energy mechanisms. Low-energy mechanisms typically refer to incidents such as falls from standing height, which are common in older adults due to factors like decreased bone density, balance issues, and other age-related changes. The ability to predict cervical spine fractures in this population is crucial for timely diagnosis and treatment, as these injuries can have significant morbidity and mortality.

Step 2 — What does the evidence generally suggest?

Evidence suggests that geriatric patients are at a higher risk for cervical spine fractures even with low-energy mechanisms due to factors such as osteoporosis and general frailty. Clinical predictors often used in younger populations, such as the presence of neck pain or neurological deficits, may not be as reliable in older adults. Studies have indicated that geriatric patients may present with atypical symptoms or may not exhibit the classic signs of cervical spine injury, making clinical prediction challenging. Therefore, reliance solely on clinical predictors without imaging may lead to missed diagnoses in this population.

Step 3 — What is the most supported conclusion?

The most supported conclusion is that clinical predictors alone are not adequate for identifying cervical spine fractures in geriatric patients with low-energy mechanisms. Given the atypical presentation and higher risk of fractures in this population, imaging studies such as CT scans are often necessary to accurately diagnose cervical spine injuries. This approach helps ensure that fractures are not missed and that appropriate management can be initiated.

VERDICT: no","Based on the evidence provided from Source 1, the study hypothesized and investigated whether clinical predictors are adequate in identifying cervical spine fractures in geriatric blunt trauma patients with low-energy mechanisms. The study was a retrospective case-control study that included geriatric patients who sustained low-energy trauma. The evidence suggests that the hypothesis was that clinical predictors are not adequate for this purpose, although the specific results of the study are not detailed in the abstract provided.

VERDICT: no","Step 1 — What do the retrieved sources say about this topic?
- Source 1 specifically addresses the adequacy of clinical predictors in identifying cervical spine fractures in geriatric blunt trauma patients with low-energy mechanisms. It hypothesizes that clinical predictors are not adequate for this purpose. The study involved a retrospective case-control analysis of geriatric patients who sustained low-energy trauma, comparing a group with cervical spine fractures to a control group without fractures.

Step 2 — Do the sources agree or contradict each other?
- Only Source 1 directly addresses the question of the adequacy of clinical predictors for cervical spine fractures in geriatric patients with low-energy trauma. The other sources do not provide relevant information on this specific topic. Therefore, there is no agreement or contradiction among the sources, as only one source is pertinent.

Step 3 — What is the most evidence-supported conclusion?
- Based on Source 1, which is the only relevant source, the evidence suggests that clinical predictors are not adequate for identifying cervical spine fractures in geriatric blunt trauma patients with low-energy mechanisms. The study's hypothesis and findings indicate a lack of adequacy in using clinical predictors alone for this purpose.

VERDICT: no",no,no,no,no,"[ 0.05755615  0.04003906  0.01843262 ... -0.00093222  0.0144043
  0.01908875]",[0.04544067 0.04962158 0.02220154 ... 0.00840759 0.01066589 0.03552246],"[ 0.02972412  0.04043579 -0.00642014 ...  0.00968933  0.01100159
  0.01067352]",[0.03890991 0.0307312  0.02270508 ... 0.02430725 0.00443649 0.02438354],"[ 0.02565002  0.04986572  0.01532745 ... -0.01277924  0.01224518
  0.00874329]",0.8369563221931458,0,0.848651647567749,0,0.9029639959335327,0,0.828466534614563,0
28,Do foreign bodies migrate through the body towards the heart?,no,"Fixation of foreign bodies (FB), in the mucosa, can favor its migration, giving origin to the popular saying: 'FB walk to the heart'.AIM: Describe the mechanisms involved in FB migration and how to diagnose them. From a sample of 3,000 foreign bodies, during 40 years, we analyzed four which had extra-lumen migration. We analyzed clinical, radiologic, endoscopic and ultrasound data collected at the medical documentation service. Three clinical histories are presented, describing two fish bones and one piece of fish cartilage. FB shifting was analyzed in all of them. Migration started in the esophagus in two, one going to the aorta and the other to the neck area. In the other two, migration started in the pharynx, and the FB moved towards the prevertebral fascia and the other externalized in the submandibular region. The mechanisms and the risks posed to the patient, by FB migration, and the way to diagnose them are hereby discussed.","Fixation of foreign bodies (FB), in the mucosa, can favor its migration, giving origin to the popular saying: 'FB walk to the heart'.AIM: Describe the mechanisms involved in FB migration and how to diagnose them. From a sample of 3,000 foreign bodies, during 40 years, we analyzed four which had extra-lumen migration. We analyzed clinical, radiologic, endoscopic and ultrasound data collected at the medical documentation service. Three clinical histories are presented, describing two fish bones and one piece of fish cartilage. FB shifting was analyzed in all of them. Migration started in the esophagus in two, one going to the aorta and the other to the neck area. In the other two, migration started in the pharynx, and the FB moved towards the prevertebral fascia and the other externalized in the submandibular region. The mechanisms and the risks posed to the patient, by FB migration, and the way to diagnose them are hereby discussed.",0.6109291315078735,"Foreign bodies can migrate through the body, but their movement towards the heart is not a common or typical occurrence. The migration of foreign bodies depends on several factors, including the size, shape, and material of the object, as well as the location where it entered the body. In some cases, foreign bodies can move through tissues or along anatomical planes, but they are more likely to become lodged in tissues or cause localized complications rather than travel directly to the heart. Additionally, the body's immune response and tissue reactions often work to encapsulate or expel foreign objects, further reducing the likelihood of migration towards the heart.

VERDICT: no","Step 1 — What biological mechanism or clinical concept is relevant here?

The concept of foreign body migration involves understanding how objects that enter the body can move through tissues or along anatomical planes. This can occur due to various factors such as muscle movements, gravity, blood flow, or tissue reactions. The concern about migration towards the heart specifically involves understanding the pathways through which a foreign body might travel, such as through the vascular system or along tissue planes.

Step 2 — What does the evidence generally suggest?

Evidence suggests that foreign bodies can migrate within the body, but the direction and extent of migration depend on several factors, including the size, shape, and material of the foreign body, as well as the location where it entered the body. For instance, small, sharp objects might migrate through soft tissues, while objects that enter the vascular system could potentially travel through the bloodstream. However, the body has several mechanisms to prevent foreign bodies from reaching critical areas like the heart, such as immune responses, encapsulation by fibrous tissue, and anatomical barriers.

Step 3 — What is the most supported conclusion?

While foreign bodies can migrate within the body, the likelihood of them migrating specifically towards the heart is generally low. This is because the body has protective mechanisms and anatomical barriers that typically prevent such migration. In cases where foreign bodies do enter the vascular system, they might travel towards the heart, but this is not a common occurrence for most foreign bodies that enter the body through other means.

VERDICT: no","The evidence provided in Source 1 discusses the phenomenon of foreign body (FB) migration, mentioning the popular saying that foreign bodies ""walk to the heart."" However, the abstract does not provide specific evidence or mechanisms that confirm foreign bodies actually migrate towards the heart. It describes the analysis of cases where foreign bodies had extra-lumen migration but does not explicitly state that they migrate specifically towards the heart. The other sources do not address foreign body migration.

Based on the evidence provided, there is no conclusive information to support the claim that foreign bodies migrate through the body towards the heart.

VERDICT: no","Step 1 — What do the retrieved sources say about this topic?
- Source 1 discusses the phenomenon of foreign body (FB) migration, specifically mentioning the popular saying that foreign bodies ""walk to the heart."" It describes the mechanisms involved in FB migration and provides clinical examples of foreign bodies, such as fish bones and cartilage, migrating extra-lumenally. However, the source does not explicitly confirm that these foreign bodies migrate specifically towards the heart.

Step 2 — Do the sources agree or contradict each other?
- Only Source 1 is relevant to the question about foreign body migration towards the heart. The other sources do not address this topic. Therefore, there is no agreement or contradiction among the sources regarding this specific question.

Step 3 — What is the most evidence-supported conclusion?
- Source 1 provides some insight into the migration of foreign bodies within the body but does not provide direct evidence that they specifically migrate towards the heart. The mention of the saying ""FB walk to the heart"" is more anecdotal and not supported by the clinical examples provided in the source.

Final verdict based on the evidence:
VERDICT: no",no,no,no,no,"[ 0.03421021  0.07092285  0.06689453 ... -0.01209259 -0.01537323
  0.02043152]","[ 0.03433228  0.06530762  0.06008911 ...  0.008461   -0.01548004
  0.00899506]","[ 0.02485657  0.03735352  0.05206299 ...  0.00919342 -0.01066589
 -0.01113129]","[ 0.01626587  0.02998352  0.05773926 ...  0.02423096 -0.02005005
 -0.00622559]","[ 0.00304985  0.05050659  0.06616211 ...  0.00797272 -0.02328491
  0.00603104]",0.6571811437606812,1,0.6676269769668579,1,0.697776734828949,1,0.705285906791687,1
29,Are stroke patients' reports of home blood pressure readings reliable?,yes,"Home blood pressure (BP) monitoring is gaining increasing popularity among patients and may be useful in hypertension management. Little is known about the reliability of stroke patients' records of home BP monitoring. To assess the reliability of home BP recording in hypertensive patients who had suffered a recent stroke or transient ischaemic attack. Thirty-nine stroke patients (mean age 73 years) randomized to the intervention arm of a trial of home BP monitoring were included. Following instruction by a research nurse, patients recorded their BPs at home and documented them in a booklet over the next year. The booklet readings over a month were compared with the actual readings downloaded from the BP monitor and were checked for errors or selective bias in recording. A total of 1027 monitor and 716 booklet readings were recorded. Ninety per cent of booklet recordings were exactly the same as the BP monitor readings. Average booklet readings were 0.6 mmHg systolic [95% confidence interval (95% CI) -0.6 to 1.8] and 0.3 mmHg diastolic (95% CI -0.3 to 0.8) lower than those on the monitor.","Home blood pressure (BP) monitoring is gaining increasing popularity among patients and may be useful in hypertension management. Little is known about the reliability of stroke patients' records of home BP monitoring. To assess the reliability of home BP recording in hypertensive patients who had suffered a recent stroke or transient ischaemic attack. Thirty-nine stroke patients (mean age 73 years) randomized to the intervention arm of a trial of home BP monitoring were included. Following instruction by a research nurse, patients recorded their BPs at home and documented them in a booklet over the next year. The booklet readings over a month were compared with the actual readings downloaded from the BP monitor and were checked for errors or selective bias in recording. A total of 1027 monitor and 716 booklet readings were recorded. Ninety per cent of booklet recordings were exactly the same as the BP monitor readings. Average booklet readings were 0.6 mmHg systolic [95% confidence interval (95% CI) -0.6 to 1.8] and 0.3 mmHg diastolic (95% CI -0.3 to 0.8) lower than those on the monitor.",0.8060721158981323,"The reliability of stroke patients' reports of home blood pressure readings can be influenced by several factors, including the accuracy of the blood pressure measurement devices used, the patients' ability to use these devices correctly, and their ability to accurately record and report the readings. Studies have shown that while home blood pressure monitoring can be beneficial, there are concerns about the accuracy and reliability of self-reported readings due to potential errors in measurement technique, device calibration issues, and reporting biases. Therefore, while some patients may provide reliable reports, overall, there is skepticism about the reliability of self-reported home blood pressure readings in stroke patients without proper training and validation.

VERDICT: no","Step 1 — What biological mechanism or clinical concept is relevant here?

The relevant clinical concept here is the reliability and accuracy of self-reported home blood pressure readings by stroke patients. This involves understanding the ability of patients to accurately measure and report their blood pressure, which can be influenced by factors such as cognitive function, manual dexterity, and understanding of the measurement process. Stroke patients may have impairments in these areas due to the effects of the stroke, which could impact the reliability of their reports.

Step 2 — What does the evidence generally suggest?

Evidence on the reliability of self-reported home blood pressure readings by stroke patients is mixed. Some studies suggest that patients can reliably report their blood pressure if they are properly trained and use validated devices. However, other studies indicate that cognitive impairments, common in stroke patients, can lead to inaccuracies in self-reporting. Additionally, the ability to follow instructions and use the equipment correctly can be compromised in some stroke patients, leading to potential errors in measurement and reporting.

Step 3 — What is the most supported conclusion?

The most supported conclusion is that while some stroke patients may be able to reliably report their home blood pressure readings, there are significant concerns about the overall reliability due to potential cognitive and physical impairments. Therefore, while self-reported readings can be a useful tool, they should be corroborated with readings taken by healthcare professionals or through devices with automated reporting capabilities to ensure accuracy.

VERDICT: no","The evidence provided in Source 1 indicates that a study was conducted to assess the reliability of home blood pressure (BP) recording in hypertensive patients who had suffered a recent stroke or transient ischaemic attack. However, the abstract does not provide specific results or conclusions regarding the reliability of these reports. Without explicit findings or data from the study, it is not possible to determine the reliability of stroke patients' reports of home BP readings based solely on the information given.

VERDICT: no","Step 1 — What do the retrieved sources say about this topic?
- Source 1 specifically addresses the reliability of home blood pressure (BP) monitoring in stroke patients. It mentions a study involving 39 stroke patients who were instructed by a research nurse to record their BP at home. However, the abstract does not provide specific results or conclusions about the reliability of these recordings.
- Source 2 and Source 3 do not directly address the reliability of home BP monitoring in stroke patients. Source 2 discusses differences in BP measurements by nurses, physicians, and self-measurement in hypertensive patients, but not specifically in stroke patients. Source 3 focuses on anginal episodes and hypotension in patients with ischaemic heart disease, which is unrelated to the reliability of BP monitoring in stroke patients.

Step 2 — Do the sources agree or contradict each other?
- Source 1 is the only source that directly pertains to the reliability of home BP monitoring in stroke patients. The other sources do not provide relevant information on this specific topic, so there is no basis for agreement or contradiction among the sources regarding the reliability of stroke patients' home BP readings.

Step 3 — What is the most evidence-supported conclusion?
- Since Source 1 is the only source that addresses the topic, and it does not provide specific results or conclusions about the reliability of home BP monitoring in stroke patients, there is insufficient evidence to determine the reliability of these reports.

VERDICT: no",no,no,no,no,"[ 0.03591919  0.0296936   0.01660156 ...  0.00884247 -0.00102711
  0.00798798]","[ 0.04577637  0.03582764  0.00841522 ...  0.02157593 -0.00696945
  0.0322876 ]","[ 0.00050735 -0.00331497  0.01393127 ...  0.02293396 -0.01325989
  0.01597595]","[ 0.00582123  0.00640869  0.02145386 ...  0.02668762 -0.01311493
  0.01626587]","[-0.00023198  0.00670242  0.0402832  ... -0.00962067 -0.01171875
 -0.02288818]",0.8013143539428711,0,0.7681765556335449,0,0.7942149639129639,0,0.7589831352233887,0
30,Chemoradiation instead of surgery to treat mid and low rectal tumors: is it safe?,no,"The main treatment for rectal carcinoma is surgery. Preoperative chemoradiation (CRT) is advocated to reduce local recurrence and improve resection of mid and low tethered rectal tumors. Fifty-two patients with mid or low rectal tumors underwent CRT (external beam radiation plus 5-fluorouracil plus folinic acid). Patients who had low rectal tumors with complete response (CR) were not submitted to surgical treatment. All other patients were submitted to surgery, independently of the response. Mean follow-up was 32.1 months. Five-year overall survival was 60.5%. Clinical evaluation after CRT showed CR in 10 cases (19.2%), all low tumors; incomplete response (>50%) in 21 (40.4%); and no response (<50%) in 19 (36.6%). Among the 10 cases with CR, 8 presented with local recurrence within 3.7 to 8.8 months. Two patients were not submitted to surgery and are still alive without cancer after 37 and 58 months. Thirty-nine patients had radical surgery. Seven had local recurrences after CRT plus surgery (17.9%). Overall survival was negatively affected by lymph node metastases (P =.017) and perineural invasion (P =.026).","The main treatment for rectal carcinoma is surgery. Preoperative chemoradiation (CRT) is advocated to reduce local recurrence and improve resection of mid and low tethered rectal tumors. Fifty-two patients with mid or low rectal tumors underwent CRT (external beam radiation plus 5-fluorouracil plus folinic acid). Patients who had low rectal tumors with complete response (CR) were not submitted to surgical treatment. All other patients were submitted to surgery, independently of the response. Mean follow-up was 32.1 months. Five-year overall survival was 60.5%. Clinical evaluation after CRT showed CR in 10 cases (19.2%), all low tumors; incomplete response (>50%) in 21 (40.4%); and no response (<50%) in 19 (36.6%). Among the 10 cases with CR, 8 presented with local recurrence within 3.7 to 8.8 months. Two patients were not submitted to surgery and are still alive without cancer after 37 and 58 months. Thirty-nine patients had radical surgery. Seven had local recurrences after CRT plus surgery (17.9%). Overall survival was negatively affected by lymph node metastases (P =.017) and perineural invasion (P =.026).",0.7106540203094482,"Chemoradiation as a treatment for mid and low rectal tumors, instead of surgery, can be considered safe in certain contexts, particularly for patients who achieve a complete clinical response after neoadjuvant chemoradiation. This approach, often referred to as a ""watch-and-wait"" strategy, has been studied in clinical trials and observational studies. These studies suggest that for select patients, particularly those with early-stage tumors or those who respond exceptionally well to chemoradiation, non-operative management can lead to favorable outcomes without compromising safety. However, this approach requires careful patient selection, rigorous follow-up, and monitoring to ensure that any recurrence is detected early. It is not universally applicable to all patients with mid and low rectal tumors, and the decision should be individualized based on tumor characteristics, patient preferences, and multidisciplinary team input.

VERDICT: yes","Step 1 — What biological mechanism or clinical concept is relevant here?

The relevant clinical concept here is the treatment of mid and low rectal tumors, which are typically managed through a combination of surgery, chemotherapy, and radiation therapy. The standard treatment often involves surgical resection of the tumor, which can be preceded or followed by chemoradiation (a combination of chemotherapy and radiation therapy) to reduce tumor size and eliminate microscopic disease. The question is whether chemoradiation alone, without surgery, is a safe and effective alternative for treating these tumors.

Step 2 — What does the evidence generally suggest?

Evidence from clinical studies and trials suggests that chemoradiation can be effective in shrinking rectal tumors and achieving local control of the disease. In some cases, patients who respond well to chemoradiation may achieve a complete clinical response, where no residual tumor is detectable. This has led to the exploration of a ""watch-and-wait"" approach, where surgery is deferred in favor of close monitoring. However, the safety and efficacy of this approach depend on careful patient selection and rigorous follow-up. Some studies have shown promising results with this non-operative management, but there is still a risk of local recurrence, which may necessitate salvage surgery.

Step 3 — What is the most supported conclusion?

The most supported conclusion is that while chemoradiation alone can be a safe and effective treatment for some patients with mid and low rectal tumors, it is not universally applicable to all cases. The decision to use chemoradiation instead of surgery should be based on individual patient factors, tumor characteristics, and the patient's response to initial treatment. Close monitoring and follow-up are crucial to ensure that any recurrence is detected early and managed appropriately. Therefore, while chemoradiation can be a safe option for some patients, it is not a blanket replacement for surgery in all cases.

VERDICT: no","The evidence provided in the abstracts suggests that chemoradiation (CRT) is used preoperatively to reduce local recurrence and improve resection outcomes for mid and low rectal tumors. In Source 1, patients with low rectal tumors who achieved a complete response to CRT were not subjected to surgical treatment, implying that CRT alone was considered sufficient for these cases. However, the abstract does not provide specific safety outcomes or long-term results for patients treated with CRT alone without surgery. Source 2 discusses the potential complications of radiotherapy, including short- and long-term toxicity, but does not directly address the safety of using CRT instead of surgery. Source 3 focuses on predicting tumor response to CRT but does not provide safety data.

Overall, while CRT is used to improve surgical outcomes and may be sufficient for some patients with a complete response, the abstracts do not provide enough specific evidence to conclusively determine the safety of using CRT instead of surgery for mid and low rectal tumors.

VERDICT: no","Step 1 — What do the retrieved sources say about this topic?

- Source 1 discusses the use of preoperative chemoradiation (CRT) for mid and low rectal tumors, noting that patients with low rectal tumors who had a complete response to CRT were not submitted to surgical treatment. This suggests that CRT can be an alternative to surgery in certain cases where a complete response is achieved.

- Source 2 highlights the benefits and challenges of radiotherapy, noting that while it reduces local recurrence rates, it can also lead to short- and long-term toxicity and complicate treatment if local recurrence occurs despite previous radiotherapy. This implies potential safety concerns with using radiotherapy alone.

- Source 3 investigates the role of p53 gene alterations in predicting tumor response to preoperative chemoradiation in rectal cancer. It does not directly address the safety of using CRT instead of surgery but focuses on predicting treatment response.

Step 2 — Do the sources agree or contradict each other?

The sources do not directly contradict each other but provide different perspectives on the use of chemoradiation. Source 1 suggests that CRT can be an alternative to surgery in cases of complete response, while Source 2 raises concerns about the potential toxicity and complications of radiotherapy. Source 3 does not address safety but rather focuses on predicting response to CRT.

Step 3 — What is the most evidence-supported conclusion?

The evidence suggests that while CRT can be an alternative to surgery in specific cases of complete response, there are safety concerns related to the toxicity and potential complications of radiotherapy. The decision to use CRT instead of surgery should be carefully considered, weighing the benefits of avoiding surgery against the risks of radiotherapy.

VERDICT: no",yes,no,no,no,"[ 0.0274353   0.05197144  0.03713989 ...  0.00393295  0.00675583
 -0.00619125]",[0.03018188 0.05407715 0.0241394  ... 0.00791168 0.00114918 0.00744629],"[ 0.01882935  0.03131104  0.0378418  ...  0.01771545 -0.01031494
 -0.00764847]","[ 1.9546509e-02  2.6687622e-02  1.4076233e-02 ...  1.5296936e-02
 -7.9116821e-03 -4.6014786e-05]","[-0.01495361  0.0390625   0.07476807 ...  0.00241661  0.00299072
 -0.01702881]",0.7767817974090576,0,0.7960537672042847,0,0.8173575401306152,0,0.7344439029693604,1
31,Do patterns of knowledge and attitudes exist among unvaccinated seniors?,yes,To examine patterns of knowledge and attitudes among adults aged>65 years unvaccinated for influenza. Surveyed Medicare beneficiaries in 5 areas; clustered unvaccinated seniors by their immunization related knowledge and attitudes. Identified 4 clusters: Potentials (45%) would receive influenza vaccine to prevent disease; Fearful Uninformeds (9%) were unsure if influenza vaccine causes illness; Doubters (27%) were unsure if vaccine is efficacious; Misinformeds (19%) believed influenza vaccine causes illness. More Potentials (75%) and Misinformeds (70%) ever received influenza vaccine than did Fearful Uninformeds (18%) and Doubters (29%).,To examine patterns of knowledge and attitudes among adults aged>65 years unvaccinated for influenza. Surveyed Medicare beneficiaries in 5 areas; clustered unvaccinated seniors by their immunization related knowledge and attitudes. Identified 4 clusters: Potentials (45%) would receive influenza vaccine to prevent disease; Fearful Uninformeds (9%) were unsure if influenza vaccine causes illness; Doubters (27%) were unsure if vaccine is efficacious; Misinformeds (19%) believed influenza vaccine causes illness. More Potentials (75%) and Misinformeds (70%) ever received influenza vaccine than did Fearful Uninformeds (18%) and Doubters (29%).,0.6789085268974304,"Yes, patterns of knowledge and attitudes do exist among unvaccinated seniors. Research has shown that unvaccinated seniors often share common characteristics in terms of their knowledge and attitudes towards vaccines. These patterns can include skepticism about vaccine efficacy, concerns about potential side effects, reliance on misinformation, and a general distrust of healthcare systems or government recommendations. Additionally, social and cultural factors, such as political beliefs and community influences, can also play a significant role in shaping these attitudes and knowledge patterns.

VERDICT: yes","Step 1 — What biological mechanism or clinical concept is relevant here?

The relevant concept here is the understanding of vaccine hesitancy, particularly among seniors. Vaccine hesitancy can be influenced by various factors, including knowledge about vaccines, attitudes towards vaccination, trust in healthcare systems, and perceived risks versus benefits. In seniors, these factors might be influenced by their health status, access to healthcare, and exposure to information.

Step 2 — What does the evidence generally suggest?

Research on vaccine hesitancy indicates that knowledge and attitudes significantly impact vaccination decisions. Studies have shown that unvaccinated individuals often have specific patterns of knowledge and attitudes that differ from those who are vaccinated. For seniors, factors such as misinformation, lack of understanding about vaccine efficacy and safety, and distrust in healthcare providers can contribute to their decision not to vaccinate. Additionally, social influences and personal beliefs about health and medicine play a role.

Step 3 — What is the most supported conclusion?

The evidence suggests that there are indeed patterns of knowledge and attitudes among unvaccinated seniors. These patterns often include misconceptions about vaccines, concerns about side effects, and a lack of trust in the healthcare system. Educational interventions targeting these specific patterns can potentially increase vaccination rates among seniors.

VERDICT: yes","Yes, patterns of knowledge and attitudes do exist among unvaccinated seniors. According to Source 1, a survey of Medicare beneficiaries identified four distinct clusters based on their immunization-related knowledge and attitudes: Potentials, Fearful Uninformeds, Doubters, and Misinformeds. These clusters reflect varying levels of willingness to receive the influenza vaccine and different beliefs about its efficacy and safety.

VERDICT: yes","Step 1 — What do the retrieved sources say about this topic?
- Source 1 specifically addresses the patterns of knowledge and attitudes among unvaccinated seniors. It identifies four distinct clusters of unvaccinated seniors based on their knowledge and attitudes towards the influenza vaccine: Potentials, Fearful Uninformeds, Doubters, and Misinformeds. This indicates that there are indeed patterns of knowledge and attitudes among this group.
- Source 2 discusses the protection against infectious diseases in the elderly but does not specifically address patterns of knowledge and attitudes among unvaccinated seniors.
- Source 3 focuses on the health practices and vaccination status of first-year medical residents, not seniors, and does not provide information relevant to the question.

Step 2 — Do the sources agree or contradict each other?
- Source 1 provides direct evidence of patterns of knowledge and attitudes among unvaccinated seniors. Source 2 and Source 3 do not provide relevant information on this topic, so there is no contradiction among the sources.

Step 3 — What is the most evidence-supported conclusion?
- The most evidence-supported conclusion is that patterns of knowledge and attitudes do exist among unvaccinated seniors, as detailed in Source 1.

VERDICT: yes",yes,yes,yes,yes,"[ 0.04180908 -0.01020813  0.01091003 ...  0.02572632 -0.04821777
  0.01467133]","[ 0.04055786 -0.01672363  0.01216125 ...  0.03872681 -0.05844116
  0.01441956]","[ 0.02082825 -0.01553345  0.00714111 ...  0.0333252  -0.05145264
  0.01419067]","[ 0.0305481  -0.00865936  0.02908325 ...  0.02888489 -0.03570557
  0.02388   ]","[ 0.00754547 -0.01129913  0.0201416  ...  0.01156616 -0.0546875
  0.02784729]",0.6744555234909058,1,0.6603034138679504,1,0.8233160376548767,0,0.697151780128479,1
32,Does parity increase insulin resistance during pregnancy?,no,"To study the effect of parity on impairment of insulin sensitivity during pregnancy and on the risk of gestational diabetes (GDM). We studied the relationship between parity and peripheral insulin sensitivity index (ISI(OGTT)) or GDM in 1880 caucasian women, who underwent a 100-g, 3-h oral glucose tolerance test (OGTT) between the 24th and 28th gestational week and in 75 women who underwent an OGTT in two consecutive pregnancies. A proxy for beta-cell function (basal plasma C peptide/fasting plasma glucose; CP/FPG) was also measured. By univariate analysis parity was related to decreased ISI(OGTT) and to increased CP/FPG in those with parity>3 and likewise GDM, diagnosed in 124 women (6.58%), was linearly related to parity (P = 0.0034) and strongly age dependent. The relationships between parity and ISI(OGTT), CP/FPG and GDM were no longer significant after adjustment for age, pregestational body mass index (BMI), and weight gain. GDM was significantly related to age and pregestational weight, while ISI(OGTT) and CP/FPG were inversely related to prepregnancy BMI or weight gain. In comparison with the index pregnancy, the subsequent pregnancy was characterized by an increase in actual and prepregnancy BMI, in 2 h area under curve (AUC) glucose and by a decrease in ISI(OGTT) (P = 0.0001). The longer the time interval between pregnancies and the higher the increment in pregestational BMI or in weight gain during the pregnancy, the greater were the ISI(OGTT) decrease and 2-h AUC glucose increase.","To study the effect of parity on impairment of insulin sensitivity during pregnancy and on the risk of gestational diabetes (GDM). We studied the relationship between parity and peripheral insulin sensitivity index (ISI(OGTT)) or GDM in 1880 caucasian women, who underwent a 100-g, 3-h oral glucose tolerance test (OGTT) between the 24th and 28th gestational week and in 75 women who underwent an OGTT in two consecutive pregnancies. A proxy for beta-cell function (basal plasma C peptide/fasting plasma glucose; CP/FPG) was also measured. By univariate analysis parity was related to decreased ISI(OGTT) and to increased CP/FPG in those with parity>3 and likewise GDM, diagnosed in 124 women (6.58%), was linearly related to parity (P = 0.0034) and strongly age dependent. The relationships between parity and ISI(OGTT), CP/FPG and GDM were no longer significant after adjustment for age, pregestational body mass index (BMI), and weight gain. GDM was significantly related to age and pregestational weight, while ISI(OGTT) and CP/FPG were inversely related to prepregnancy BMI or weight gain. In comparison with the index pregnancy, the subsequent pregnancy was characterized by an increase in actual and prepregnancy BMI, in 2 h area under curve (AUC) glucose and by a decrease in ISI(OGTT) (P = 0.0001). The longer the time interval between pregnancies and the higher the increment in pregestational BMI or in weight gain during the pregnancy, the greater were the ISI(OGTT) decrease and 2-h AUC glucose increase.",0.7050444483757019,"Parity, which refers to the number of times a woman has given birth, does not inherently increase insulin resistance during pregnancy. Insulin resistance naturally increases during pregnancy as a physiological adaptation to ensure adequate glucose supply to the growing fetus. This increase in insulin resistance is primarily due to hormonal changes, such as increased levels of placental hormones like human placental lactogen, cortisol, and progesterone, rather than the number of pregnancies a woman has had. While multiparity (having multiple pregnancies) can be associated with other metabolic changes, there is no direct evidence that parity itself increases insulin resistance beyond the normal physiological changes that occur in any pregnancy.

VERDICT: no","Step 1 — What biological mechanism or clinical concept is relevant here?

During pregnancy, insulin resistance naturally increases as a physiological adaptation to ensure adequate glucose supply to the growing fetus. This is primarily due to hormonal changes, including increased levels of placental hormones such as human placental lactogen, estrogen, and progesterone, which have insulin-antagonistic effects. Parity, or the number of times a woman has given birth, could potentially influence insulin resistance due to cumulative physiological changes or adaptations from previous pregnancies.

Step 2 — What does the evidence generally suggest?

The evidence on the relationship between parity and insulin resistance during pregnancy is mixed. Some studies suggest that multiparous women (those who have had multiple pregnancies) may experience greater insulin resistance compared to primiparous women (those in their first pregnancy), potentially due to cumulative metabolic changes or adaptations. However, other studies have not found a significant association between parity and increased insulin resistance. Factors such as maternal age, pre-pregnancy BMI, and lifestyle factors may also play significant roles and confound the relationship between parity and insulin resistance.

Step 3 — What is the most supported conclusion?

Given the mixed evidence, it is not definitively established that parity alone increases insulin resistance during pregnancy. While some studies suggest a potential association, the evidence is not consistent or strong enough to conclude a direct causal relationship. Other factors, such as maternal age, BMI, and lifestyle, may have more substantial impacts on insulin resistance during pregnancy than parity itself.

VERDICT: no","The evidence from Source 1 indicates that parity is related to decreased insulin sensitivity index (ISI(OGTT)) during pregnancy, suggesting an impairment of insulin sensitivity. This implies that with increasing parity, there is an increase in insulin resistance during pregnancy. The study specifically examined the relationship between parity and insulin sensitivity in a cohort of 1880 Caucasian women, finding a connection between higher parity and decreased insulin sensitivity.

VERDICT: yes","Step 1 — What do the retrieved sources say about this topic?
- Source 1 investigates the effect of parity on insulin sensitivity during pregnancy and the risk of gestational diabetes mellitus (GDM). It reports that parity is related to decreased insulin sensitivity index (ISI(OGTT)), suggesting that higher parity is associated with increased insulin resistance during pregnancy.

Step 2 — Do the sources agree or contradict each other?
- Only Source 1 directly addresses the relationship between parity and insulin resistance during pregnancy. Source 2 discusses glomerular hyperfiltration in relation to parity but does not mention insulin resistance. Source 3 is unrelated to the topic as it focuses on polycystic ovary syndrome and metformin treatment during IVF.

Step 3 — What is the most evidence-supported conclusion?
- Since only Source 1 provides relevant information on the relationship between parity and insulin resistance during pregnancy, and it indicates that parity is associated with decreased insulin sensitivity (increased insulin resistance), the conclusion is based on this evidence.

VERDICT: yes",no,no,yes,yes,"[ 0.00186157  0.01171875  0.05352783 ...  0.02722168 -0.02322388
  0.04086304]","[ 0.00193787 -0.00046611  0.02580261 ...  0.02758789 -0.03634644
  0.0378418 ]","[ 0.02400208 -0.01274872 -0.00205994 ...  0.03729248 -0.0219574
  0.04168701]","[ 0.00444031  0.00244522  0.02589417 ...  0.04376221 -0.02024841
  0.03900146]","[ 0.0133667   0.00223732  0.03268433 ...  0.0345459  -0.0165863
  0.0395813 ]",0.7029082775115967,1,0.7185217142105103,1,0.7982327938079834,0,0.775613009929657,0
33,Preoperative tracheobronchoscopy in newborns with esophageal atresia: does it matter?,yes,"Despite surgical refinements, perioperative use of tracheobronchoscopy (TBS) as part of surgical approach to esophageal atresia (EA) is still controversial. The purpose of this study was to evaluate the influence of preoperative TBS in newborns with EA in preventing complications and improving diagnosis and surgical treatment. In the period ranging from 1997 to 2003, 62 patients with EA underwent preoperative TBS. The procedure was carried out with flexible bronchoscope maintaining spontaneous breathing. When a wide carinal fistula was found, this was mechanically occluded by Fogarty catheter and cannulated with rigid bronchoscopy. Type of EA, surgical procedure variations caused by TBS, and associated anomalies not easily detectable were recorded. Before TBS, the Gross classification of the 62 patients was as follows: type A, 9 patients; type B, none; type C, 51 patients. At TBS, however, 3 of 9 type A patients had an unsuspected proximal fistula (type B). These 3 patients, plus the 2 with H-type fistula, were repaired through a cervical approach. In 4 patients, previously undetected malformations of the respiratory tree (2 aberrant right upper bronchus and 2 hypoplastic bronchi) were found at TBS. Carinal fistulas in 14 type C patients were occluded by Fogarty catheter to improve ventilation during repair. No complications were observed. Overall, TBS was clinically useful in 28 (45.2%) of 62 patients, including 15 (24.2%) of 62 infants in whom it was crucial in modifying the surgical approach.","Despite surgical refinements, perioperative use of tracheobronchoscopy (TBS) as part of surgical approach to esophageal atresia (EA) is still controversial. The purpose of this study was to evaluate the influence of preoperative TBS in newborns with EA in preventing complications and improving diagnosis and surgical treatment. In the period ranging from 1997 to 2003, 62 patients with EA underwent preoperative TBS. The procedure was carried out with flexible bronchoscope maintaining spontaneous breathing. When a wide carinal fistula was found, this was mechanically occluded by Fogarty catheter and cannulated with rigid bronchoscopy. Type of EA, surgical procedure variations caused by TBS, and associated anomalies not easily detectable were recorded. Before TBS, the Gross classification of the 62 patients was as follows: type A, 9 patients; type B, none; type C, 51 patients. At TBS, however, 3 of 9 type A patients had an unsuspected proximal fistula (type B). These 3 patients, plus the 2 with H-type fistula, were repaired through a cervical approach. In 4 patients, previously undetected malformations of the respiratory tree (2 aberrant right upper bronchus and 2 hypoplastic bronchi) were found at TBS. Carinal fistulas in 14 type C patients were occluded by Fogarty catheter to improve ventilation during repair. No complications were observed. Overall, TBS was clinically useful in 28 (45.2%) of 62 patients, including 15 (24.2%) of 62 infants in whom it was crucial in modifying the surgical approach.",0.6978865265846252,"Preoperative tracheobronchoscopy in newborns with esophageal atresia can be important for identifying associated tracheoesophageal fistulas and other airway anomalies. These findings can significantly influence surgical planning and management. Studies have shown that preoperative tracheobronchoscopy can lead to changes in surgical approach and improve outcomes by providing detailed anatomical information that is not always apparent through other diagnostic methods.

VERDICT: yes","Step 1 — What biological mechanism or clinical concept is relevant here?

Esophageal atresia is a congenital condition where the esophagus does not form properly, often accompanied by a tracheoesophageal fistula. Preoperative tracheobronchoscopy is a procedure used to visualize the trachea and bronchi, which can help identify any associated anomalies, such as tracheomalacia or additional fistulas, that might complicate surgical repair. Understanding the airway anatomy is crucial for planning the surgical approach and managing potential respiratory complications.

Step 2 — What does the evidence generally suggest?

Evidence suggests that preoperative tracheobronchoscopy can be beneficial in identifying airway anomalies that are not apparent through other diagnostic methods. Studies have shown that this procedure can lead to changes in surgical management in a significant number of cases. It helps in identifying additional fistulas, assessing the severity of tracheomalacia, and planning for potential airway management challenges during and after surgery. This can potentially improve surgical outcomes and reduce postoperative complications.

Step 3 — What is the most supported conclusion?

The most supported conclusion is that preoperative tracheobronchoscopy in newborns with esophageal atresia is a valuable diagnostic tool. It provides critical information that can influence surgical planning and management, potentially leading to better outcomes. The procedure helps in identifying additional anatomical anomalies that could affect the surgical approach and postoperative care.

VERDICT: yes","The evidence provided in Source 1 suggests that preoperative tracheobronchoscopy (TBS) in newborns with esophageal atresia (EA) is used to prevent complications and improve diagnosis and surgical treatment. The study involved 62 patients who underwent preoperative TBS, indicating that the procedure is considered beneficial in the surgical approach to EA. However, the abstract does not provide specific outcomes or comparative data to definitively conclude its effectiveness. The other sources do not address preoperative TBS in the context of EA, so they do not contribute additional evidence to this question.

VERDICT: yes","Step 1 — What do the retrieved sources say about this topic?
- Source 1 discusses the use of preoperative tracheobronchoscopy (TBS) in newborns with esophageal atresia (EA). It highlights that the procedure is controversial but aims to evaluate its influence on preventing complications and improving diagnosis and surgical treatment. The study involved 62 patients who underwent preoperative TBS, suggesting that it might have a role in managing EA.
- Source 2 and Source 3 do not directly address preoperative TBS in newborns with EA. Source 2 focuses on early extubation strategies in congenital heart surgery, and Source 3 compares minimal access surgery to conventional surgery in terms of opioid consumption and postoperative pain in neonates with EA and congenital diaphragmatic hernia.

Step 2 — Do the sources agree or contradict each other?
- Source 1 is the only source that directly addresses the topic of preoperative TBS in newborns with EA. The other sources do not provide information on this specific topic, so there is no agreement or contradiction among the sources regarding preoperative TBS.

Step 3 — What is the most evidence-supported conclusion?
- Since only Source 1 provides relevant information, it suggests that preoperative TBS may have a role in preventing complications and improving the management of EA in newborns. However, the evidence is limited to this single source, and the procedure is noted as controversial.

Final verdict based on the available evidence:
VERDICT: yes",yes,yes,yes,yes,"[-0.00392914  0.00606155  0.02592468 ...  0.04379272  0.00411606
  0.01008606]","[-0.00676727  0.02688599  0.03625488 ...  0.04144287  0.00016809
  0.00347519]","[ 0.01345062 -0.00681305  0.02914429 ...  0.0512085  -0.00503159
  0.00243187]","[ 0.01078033 -0.00485229  0.043396   ...  0.0486145  -0.01300812
  0.01418304]","[ 0.0042305   0.00708008  0.06750488 ...  0.03622437 -0.01213837
  0.0048027 ]",0.7841923236846924,0,0.7703737020492554,0,0.8506020307540894,0,0.806830883026123,0
34,Does spontaneous remission occur in polyarteritis nodosa?,yes,"Polyarteritis nodosa (PAN) is a systemic vasculitis involving mainly medium-sized arteries and, rarely, small-sized arteries. The diagnosis is principally based on clinical exams, biopsy of an affected organ, and/or arteriography of renal or mesenteric arteries. Once diagnosed, immunosuppressive agents, such as glucocorticoids and cyclophosphamide, are generally introduced as soon as possible. Whether spontaneous remission of PAN occurs is therefore largely unknown. We describe the case of a 51-year-old woman who presented with a 4-day-history of intense pain in her left flank, hypertension, fever, microscopic hematuria, and acute renal failure. Contrast-enhanced renal ultrasound strongly suggested bilateral renal infarction. Medical history and an extensive workup allowed to exclude systemic embolism, recreational drug abuse, cardiac arrhythmias, and thrombophilia. A possible diagnosis of PAN was considered; however, within 2 weeks of admission, spontaneous remission of her clinical and biological symptoms occurred without the use of any immunosuppressive treatment. Finally, 3 months later, renal arteriography confirmed the diagnosis of PAN. The patient remains free of symptoms 1 year after initial presentation.","Polyarteritis nodosa (PAN) is a systemic vasculitis involving mainly medium-sized arteries and, rarely, small-sized arteries. The diagnosis is principally based on clinical exams, biopsy of an affected organ, and/or arteriography of renal or mesenteric arteries. Once diagnosed, immunosuppressive agents, such as glucocorticoids and cyclophosphamide, are generally introduced as soon as possible. Whether spontaneous remission of PAN occurs is therefore largely unknown. We describe the case of a 51-year-old woman who presented with a 4-day-history of intense pain in her left flank, hypertension, fever, microscopic hematuria, and acute renal failure. Contrast-enhanced renal ultrasound strongly suggested bilateral renal infarction. Medical history and an extensive workup allowed to exclude systemic embolism, recreational drug abuse, cardiac arrhythmias, and thrombophilia. A possible diagnosis of PAN was considered; however, within 2 weeks of admission, spontaneous remission of her clinical and biological symptoms occurred without the use of any immunosuppressive treatment. Finally, 3 months later, renal arteriography confirmed the diagnosis of PAN. The patient remains free of symptoms 1 year after initial presentation.",0.6173359155654907,"Polyarteritis nodosa (PAN) is a systemic necrotizing vasculitis that primarily affects medium-sized muscular arteries. It is a serious condition that typically requires medical intervention to manage symptoms and prevent complications. Spontaneous remission in PAN is considered rare. Most cases require treatment with immunosuppressive therapies such as corticosteroids and cyclophosphamide to achieve remission. While there may be isolated reports of spontaneous remission, these are not common and are not the norm for the disease course of PAN.

VERDICT: no","Step 1 — What biological mechanism or clinical concept is relevant here?

Polyarteritis nodosa (PAN) is a systemic necrotizing vasculitis that primarily affects medium-sized muscular arteries. It is characterized by transmural inflammation of the arterial wall, which can lead to aneurysm formation, thrombosis, and tissue ischemia. The clinical course of PAN can vary significantly among patients, with some experiencing severe, rapidly progressive disease, while others may have a more indolent course. The concept of spontaneous remission refers to the resolution of disease symptoms and signs without medical intervention.

Step 2 — What does the evidence generally suggest?

The evidence regarding spontaneous remission in polyarteritis nodosa is limited. PAN is generally considered a chronic condition that requires medical treatment to control inflammation and prevent organ damage. Standard treatment typically involves corticosteroids and immunosuppressive agents. However, there are anecdotal reports and some clinical observations suggesting that spontaneous remission can occur in a minority of cases, particularly in those with mild disease or when the disease is associated with hepatitis B virus infection, which can sometimes resolve spontaneously.

Step 3 — What is the most supported conclusion?

While the majority of patients with polyarteritis nodosa require medical treatment to achieve remission, there is some evidence to suggest that spontaneous remission can occur, albeit rarely. This is more likely in cases with mild disease or when associated with certain infections that may resolve on their own. However, due to the potential severity and complications of untreated PAN, relying on spontaneous remission is not advisable, and medical intervention is typically necessary.

VERDICT: yes","The evidence provided in Source 1 mentions that the occurrence of spontaneous remission in polyarteritis nodosa (PAN) is largely unknown. The source describes the standard treatment approach involving immunosuppressive agents like glucocorticoids and cyclophosphamide, but it does not provide any specific evidence or cases of spontaneous remission occurring in PAN.

VERDICT: no","Step 1 — What do the retrieved sources say about this topic?
The only source that directly addresses polyarteritis nodosa (PAN) is Source 1. It states that the diagnosis of PAN is based on clinical exams, biopsy, and/or arteriography, and that treatment typically involves immunosuppressive agents like glucocorticoids and cyclophosphamide. The source mentions that whether spontaneous remission of PAN occurs is largely unknown, suggesting a lack of evidence or documentation of such cases.

Step 2 — Do the sources agree or contradict each other?
Only Source 1 discusses the possibility of spontaneous remission in PAN. The other sources do not address PAN or its remission, so there is no agreement or contradiction among the sources on this specific topic.

Step 3 — What is the most evidence-supported conclusion?
Based on Source 1, there is no documented evidence or consensus on spontaneous remission occurring in polyarteritis nodosa. The source explicitly states that whether spontaneous remission occurs is largely unknown, indicating a lack of evidence supporting its occurrence.

VERDICT: no",no,yes,no,no,"[-0.01742554  0.0181427   0.03649902 ... -0.00014198  0.02323914
  0.01713562]","[-0.01050568  0.02124023  0.02259827 ... -0.00487137  0.0177002
  0.02207947]","[-0.00735855 -0.004776    0.01461029 ... -0.01030731 -0.00149441
  0.01998901]","[-0.01194763 -0.01296234  0.01560211 ...  0.01042175  0.00945282
  0.01921082]","[-0.03497314 -0.00054359  0.04202271 ...  0.00115681  0.02038574
  0.00948334]",0.8877320289611816,0,0.782220721244812,0,0.725568413734436,1,0.763931155204773,0
35,Is breast cancer prognosis inherited?,yes,"A genetic component is well established in the etiology of breast cancer. It is not well known, however, whether genetic traits also influence prognostic features of the malignant phenotype. We carried out a population-based cohort study in Sweden based on the nationwide Multi-Generation Register. Among all women with breast cancer diagnosed from 1961 to 2001, 2,787 mother-daughter pairs and 831 sister pairs with breast cancer were identified; we achieved complete follow-up and classified 5-year breast cancer-specific prognosis among proband (mother or oldest sister) into tertiles as poor, intermediary, or good. We used Kaplan-Meier estimates of survival proportions and Cox models to calculate relative risks of dying from breast cancer within 5 years depending on the proband's outcome. The 5-year survival proportion among daughters whose mothers died within 5 years was 87% compared to 91% if the mother was alive (p = 0.03). Among sisters, the corresponding proportions were 70% and 88%, respectively (p = 0.001). After adjustment for potential confounders, daughters and sisters of a proband with poor prognosis had a 60% higher 5-year breast cancer mortality compared to those of a proband with good prognosis (hazard ratio [HR], 1.6; 95% confidence interval [CI], 1.2 to 2.2; p for trend 0.002). This association was slightly stronger among sisters (HR, 1.8; 95% CI, 1.0 to 3.4) than among daughters (HR, 1.6; 95% CI, 1.1 to 2.3).","A genetic component is well established in the etiology of breast cancer. It is not well known, however, whether genetic traits also influence prognostic features of the malignant phenotype. We carried out a population-based cohort study in Sweden based on the nationwide Multi-Generation Register. Among all women with breast cancer diagnosed from 1961 to 2001, 2,787 mother-daughter pairs and 831 sister pairs with breast cancer were identified; we achieved complete follow-up and classified 5-year breast cancer-specific prognosis among proband (mother or oldest sister) into tertiles as poor, intermediary, or good. We used Kaplan-Meier estimates of survival proportions and Cox models to calculate relative risks of dying from breast cancer within 5 years depending on the proband's outcome. The 5-year survival proportion among daughters whose mothers died within 5 years was 87% compared to 91% if the mother was alive (p = 0.03). Among sisters, the corresponding proportions were 70% and 88%, respectively (p = 0.001). After adjustment for potential confounders, daughters and sisters of a proband with poor prognosis had a 60% higher 5-year breast cancer mortality compared to those of a proband with good prognosis (hazard ratio [HR], 1.6; 95% confidence interval [CI], 1.2 to 2.2; p for trend 0.002). This association was slightly stronger among sisters (HR, 1.8; 95% CI, 1.0 to 3.4) than among daughters (HR, 1.6; 95% CI, 1.1 to 2.3).",0.6335465908050537,"Breast cancer prognosis is not directly inherited, but genetic factors can influence both the risk of developing breast cancer and potentially the prognosis. Certain inherited genetic mutations, such as those in the BRCA1 and BRCA2 genes, can increase the risk of developing breast cancer. These mutations can also be associated with more aggressive forms of cancer, which might affect prognosis. However, prognosis is influenced by a variety of factors, including the stage at diagnosis, tumor characteristics, and treatment options, which are not solely determined by genetics. Therefore, while genetic factors can play a role in the risk and characteristics of breast cancer, prognosis itself is not directly inherited.

VERDICT: no","Step 1 — What biological mechanism or clinical concept is relevant here?

The concept of inheritance in the context of breast cancer prognosis involves understanding the genetic factors that may influence the outcome or progression of the disease. This includes the role of inherited genetic mutations, such as those in the BRCA1 and BRCA2 genes, which are known to increase the risk of developing breast cancer. However, prognosis refers to the likely course and outcome of the disease after it has developed, which can be influenced by a variety of factors including genetic, environmental, and lifestyle factors.

Step 2 — What does the evidence generally suggest?

Evidence suggests that while certain genetic mutations can increase the risk of developing breast cancer, the prognosis of breast cancer is influenced by a combination of factors. These include the stage and grade of the cancer at diagnosis, hormone receptor status, HER2 status, patient age, overall health, and response to treatment. While genetic factors can play a role in the aggressiveness of the cancer and response to treatment, they are not the sole determinants of prognosis. Environmental factors, lifestyle, and access to healthcare also significantly impact outcomes.

Step 3 — What is the most supported conclusion?

The most supported conclusion is that while genetic factors, including inherited mutations, can influence certain aspects of breast cancer prognosis, they are not the only determinants. Prognosis is multifactorial and involves a complex interplay of genetic, biological, and environmental factors. Therefore, it is not accurate to say that breast cancer prognosis is solely inherited.

VERDICT: no","The evidence provided does not directly address whether breast cancer prognosis is inherited. Source 1 mentions a study on genetic components in breast cancer etiology and prognosis, but it does not provide specific results or conclusions about the inheritance of prognosis. Source 2 discusses genetic susceptibility to breast cancer but does not mention prognosis. Source 3 focuses on survival improvements over time for recurrent breast cancer, without addressing genetic inheritance of prognosis.

VERDICT: no","Step 1 — What do the retrieved sources say about this topic?

- Source 1 discusses a study that investigated whether genetic traits influence prognostic features of breast cancer. It mentions a cohort study in Sweden that looked at mother-daughter and sister pairs with breast cancer to classify 5-year breast cancer-specific prognosis, suggesting an interest in the hereditary aspect of prognosis.
- Source 2 focuses on the genetic susceptibility to breast cancer, particularly the role of single nucleotide polymorphisms (SNPs) and their association with breast cancer risk, especially in BRCA1/2 mutation carriers. It does not directly address prognosis.
- Source 3 examines survival trends in recurrent breast cancer over time, without discussing genetic or hereditary factors related to prognosis.

Step 2 — Do the sources agree or contradict each other?

The sources do not directly contradict each other, but they focus on different aspects of breast cancer. Source 1 is the only one that directly addresses the potential hereditary nature of breast cancer prognosis. Source 2 discusses genetic susceptibility but not prognosis, and Source 3 focuses on survival trends without mentioning genetic factors.

Step 3 — What is the most evidence-supported conclusion?

Based on the available evidence, Source 1 provides the most relevant information regarding the inheritance of breast cancer prognosis. It suggests that there is an interest in understanding whether genetic traits influence prognostic features, but it does not provide conclusive evidence that prognosis itself is inherited. The other sources do not provide information on this specific question.

VERDICT: no",no,no,no,no,"[ 0.03573608  0.00083256  0.04614258 ... -0.00210953 -0.01844788
 -0.00656128]","[ 0.04190063 -0.00292778  0.04537964 ...  0.00291824 -0.02305603
  0.00423813]","[ 0.05108643 -0.00651932  0.02322388 ...  0.02044678 -0.0196991
 -0.00600052]","[ 0.03637695 -0.00640869  0.03759766 ...  0.01334381 -0.01605225
  0.00207138]","[ 0.04669189  0.01733398  0.05667114 ... -0.01057434 -0.01065826
 -0.02326965]",0.6416747570037842,1,0.6825212240219116,1,0.6505995988845825,1,0.7173299193382263,1
36,Can 'high-risk' human papillomaviruses (HPVs) be detected in human breast milk?,no,"Using polymerase chain reaction techniques, we evaluated the presence of HPV infection in human breast milk collected from 21 HPV-positive and 11 HPV-negative mothers. Of the 32 studied human milk specimens, no 'high-risk' HPV 16, 18, 31, 33, 35, 39, 45, 51, 52, 56, 58 or 58 DNA was detected.","Using polymerase chain reaction techniques, we evaluated the presence of HPV infection in human breast milk collected from 21 HPV-positive and 11 HPV-negative mothers. Of the 32 studied human milk specimens, no 'high-risk' HPV 16, 18, 31, 33, 35, 39, 45, 51, 52, 56, 58 or 58 DNA was detected.",0.78810054063797,"Yes, 'high-risk' human papillomaviruses (HPVs) can be detected in human breast milk. Several studies have reported the presence of HPV DNA in breast milk samples. These findings suggest that breast milk can be a potential route for HPV transmission, although the clinical significance and implications of this detection are still under investigation.

VERDICT: yes","Step 1 — What biological mechanism or clinical concept is relevant here?

Human papillomaviruses (HPVs) are a group of viruses known to infect epithelial cells, and certain types are classified as 'high-risk' due to their association with cancers, particularly cervical cancer. The detection of HPVs in various body fluids and tissues, including breast milk, is of interest because it could suggest potential routes of transmission and implications for infant health. The biological mechanism of interest would involve the ability of HPVs to be present and potentially transmitted through breast milk.

Step 2 — What does the evidence generally suggest?

Studies investigating the presence of HPVs in breast milk have produced mixed results. Some studies have detected HPV DNA in breast milk samples, suggesting that the virus can be present in this fluid. However, the prevalence and types of HPVs detected can vary, and not all studies have found high-risk HPVs in breast milk. The detection methods, sample sizes, and populations studied can influence these findings. Overall, while there is evidence that HPVs can be present in breast milk, the consistency and clinical significance of these findings are still under investigation.

Step 3 — What is the most supported conclusion?

The most supported conclusion, based on the current evidence, is that high-risk HPVs can be detected in human breast milk, although the prevalence and implications of this finding are not fully understood. The presence of HPV DNA in breast milk does not necessarily indicate active infection or transmission risk, but it does suggest that the virus can be present in this biological fluid.

VERDICT: yes","Based on the evidence provided in Source 1, 'high-risk' human papillomaviruses (HPVs) such as types 16, 18, 31, 33, 35, 39, 45, 51, 52, 56, 58, or 58 were not detected in human breast milk collected from both HPV-positive and HPV-negative mothers using polymerase chain reaction techniques. 

VERDICT: no","Step 1 — What do the retrieved sources say about this topic?
Source 1 specifically addresses the presence of 'high-risk' HPV types in human breast milk. It reports that no 'high-risk' HPV DNA (types 16, 18, 31, 33, 35, 39, 45, 51, 52, 56, 58) was detected in the breast milk samples collected from both HPV-positive and HPV-negative mothers.

Step 2 — Do the sources agree or contradict each other?
Only Source 1 provides relevant information regarding the detection of 'high-risk' HPVs in human breast milk. The other sources do not address this topic. Therefore, there is no contradiction among the sources, as only one source is relevant to the question.

Step 3 — What is the most evidence-supported conclusion?
Based on Source 1, which directly investigates the presence of 'high-risk' HPV in human breast milk and finds none, the evidence suggests that 'high-risk' HPVs cannot be detected in human breast milk.

VERDICT: no",yes,yes,no,no,"[ 0.01600647 -0.00717163 -0.00598907 ...  0.00741196 -0.01737976
  0.0120163 ]","[ 0.02182007  0.00338936  0.00917053 ...  0.0186615  -0.02313232
  0.02555847]","[ 0.01035309  0.0022583   0.01834106 ... -0.00099373 -0.03063965
  0.03585815]","[ 0.02612305 -0.01835632  0.03421021 ...  0.01861572 -0.034729
  0.03488159]","[ 0.00811768 -0.00357056  0.03375244 ... -0.01277161 -0.03125
  0.01629639]",0.8084509968757629,0,0.7710940837860107,0,0.8430089950561523,0,0.7729493379592896,0
37,Advanced epithelial ovarian carcinoma in Thai women: should we continue to offer second-look laparotomy?,no,"To determine survival among patients with epithelial ovarian carcinoma (EOC) who underwent a second-look laparotomy (SLL) and those refusing the procedure. Also to analyze factor(s) influencing the survival of the patients. Medical records were reviewed of patients with advanced EOC who were clinically free of disease after primary surgery and platinum-based chemotherapy between January 1, 1992, and December 31, 1998. All of them were offered SLL. Measurement outcomes include patient survival and disease-free survival. There were 50 patients with clinically complete remission after chemotherapy. Sixteen patients underwent SLL, and thirty-four patients refused the procedure (NSLL). Seven patients (43.8%) were reported to have positive SLL. After the median follow-up time of 35 months, 12 patients had died, and 5 patients were lost to follow-up. The median survival time for patients with SLL was about 60 months. Five-year survival rates of patients in the SLL, and NSLL groups were 37 per cent (95%CI = 7%-69%), and 88 per cent (95%CI = 65%-96%) respectively (P<0.001). The median time to relapse was about 25 months for patients with negative SLL. Five-year disease-free survival rates of patients in the negative SLL, and NSLL groups were 28 per cent (95%CI = 4%-59%), and 54 per cent (95%CI = 34%-70%) respectively (P=0.251). By Cox regression analysis, tumor grade was the only significant prognostic factor influencing patients' survival (HR = 6, 95%CI of HR = 1.2-34.2).","To determine survival among patients with epithelial ovarian carcinoma (EOC) who underwent a second-look laparotomy (SLL) and those refusing the procedure. Also to analyze factor(s) influencing the survival of the patients. Medical records were reviewed of patients with advanced EOC who were clinically free of disease after primary surgery and platinum-based chemotherapy between January 1, 1992, and December 31, 1998. All of them were offered SLL. Measurement outcomes include patient survival and disease-free survival. There were 50 patients with clinically complete remission after chemotherapy. Sixteen patients underwent SLL, and thirty-four patients refused the procedure (NSLL). Seven patients (43.8%) were reported to have positive SLL. After the median follow-up time of 35 months, 12 patients had died, and 5 patients were lost to follow-up. The median survival time for patients with SLL was about 60 months. Five-year survival rates of patients in the SLL, and NSLL groups were 37 per cent (95%CI = 7%-69%), and 88 per cent (95%CI = 65%-96%) respectively (P<0.001). The median time to relapse was about 25 months for patients with negative SLL. Five-year disease-free survival rates of patients in the negative SLL, and NSLL groups were 28 per cent (95%CI = 4%-59%), and 54 per cent (95%CI = 34%-70%) respectively (P=0.251). By Cox regression analysis, tumor grade was the only significant prognostic factor influencing patients' survival (HR = 6, 95%CI of HR = 1.2-34.2).",0.6033908724784851,"Second-look laparotomy (SLL) is a surgical procedure performed after initial treatment for ovarian cancer to assess the presence of residual disease. Historically, it was used to determine the effectiveness of chemotherapy and guide further treatment. However, the role of SLL has been debated due to advancements in imaging techniques and the development of more effective chemotherapy regimens.

Recent studies and guidelines suggest that SLL does not improve overall survival or progression-free survival in patients with advanced epithelial ovarian carcinoma. Instead, it may expose patients to unnecessary surgical risks and complications without providing significant clinical benefit. The trend in modern oncology is to rely more on non-invasive monitoring methods, such as imaging and tumor markers, to guide further treatment decisions.

In the context of Thai women with advanced epithelial ovarian carcinoma, the considerations would be similar. The decision to continue offering SLL should be based on evidence of its clinical benefit, which currently does not support its routine use.

VERDICT: no","Step 1 — What biological mechanism or clinical concept is relevant here?

Second-look laparotomy is a surgical procedure performed after initial treatment (usually surgery and chemotherapy) for ovarian cancer to determine if there is any residual disease. The concept is based on the idea that identifying and removing any remaining cancerous tissue can improve long-term outcomes. However, the necessity and effectiveness of this procedure have been debated, especially with advancements in imaging and other less invasive monitoring techniques.

Step 2 — What does the evidence generally suggest?

Evidence from various studies suggests that second-look laparotomy does not significantly improve overall survival or progression-free survival in patients with advanced epithelial ovarian carcinoma. Many studies have shown that the procedure often does not change the management or outcome for patients, as the presence of microscopic disease can still lead to recurrence. Additionally, the procedure carries risks associated with surgery, such as infection and complications from anesthesia. With the advent of more effective imaging techniques and targeted therapies, the role of second-look laparotomy has diminished.

Step 3 — What is the most supported conclusion?

Given the lack of evidence supporting a survival benefit and the potential risks associated with the procedure, many guidelines and experts recommend against routine use of second-look laparotomy in the management of advanced epithelial ovarian carcinoma. Instead, they suggest focusing on non-invasive monitoring and personalized treatment strategies based on the patient's response to initial therapy.

VERDICT: no","The evidence provided in Source 1 discusses the survival outcomes of patients with advanced epithelial ovarian carcinoma (EOC) who underwent a second-look laparotomy (SLL) compared to those who refused the procedure. However, the abstract does not provide specific results or conclusions regarding the effectiveness or survival benefit of SLL. Source 2 and Source 3 do not address second-look laparotomy in the context of EOC, as they focus on quaternary cytoreduction and staging laparoscopy for hepatocellular carcinoma, respectively. Therefore, based on the evidence provided, there is insufficient information to determine whether second-look laparotomy should continue to be offered to Thai women with advanced epithelial ovarian carcinoma.

VERDICT: no","Step 1 — What do the retrieved sources say about this topic?

- Source 1 discusses the survival outcomes of patients with epithelial ovarian carcinoma (EOC) who underwent a second-look laparotomy (SLL) compared to those who refused the procedure. It focuses on patients who were clinically free of disease after primary surgery and platinum-based chemotherapy. The study aims to determine survival and disease-free survival among these patients.

- Source 2 evaluates the surgical outcome and survival benefit after quaternary cytoreduction (QC) in EOC relapse. It does not directly address second-look laparotomy but provides insights into surgical interventions in recurrent EOC cases.

- Source 3 is unrelated to epithelial ovarian carcinoma and instead discusses staging laparoscopy in hepatocellular carcinoma (HCC). It does not provide relevant information for the question about second-look laparotomy in EOC.

Step 2 — Do the sources agree or contradict each other?

- Source 1 is the only source directly addressing second-look laparotomy in the context of epithelial ovarian carcinoma. It provides evidence on survival outcomes related to this procedure. Source 2, while discussing surgical interventions in EOC, does not specifically address second-look laparotomy. Source 3 is unrelated to the topic.

Step 3 — What is the most evidence-supported conclusion?

- Based on the available evidence, Source 1 suggests that second-look laparotomy was offered to patients with advanced epithelial ovarian carcinoma who were in clinical remission after initial treatment. The study aimed to assess survival outcomes, indicating that there was a consideration of potential benefits from the procedure. However, the abstract does not provide specific results or conclusions about the effectiveness or recommendation of continuing the practice.

Given the limited information and lack of specific outcomes or recommendations in the provided abstracts, it is not possible to definitively conclude whether second-look laparotomy should continue to be offered to Thai women with advanced epithelial ovarian carcinoma.

VERDICT: no",no,no,no,no,"[ 0.00696182  0.00396729  0.01885986 ...  0.01345825 -0.03536987
  0.00428009]","[-0.00370407  0.02238464  0.01683044 ...  0.02719116 -0.01390076
  0.00142765]","[ 0.01786804 -0.00174713  0.02885437 ...  0.03808594 -0.02053833
 -0.00670624]","[ 0.00257111 -0.00076771  0.01754761 ...  0.04141235 -0.01716614
 -0.00766754]","[-0.00152493  0.0018568   0.0614624  ...  0.01007843 -0.03314209
 -0.01534271]",0.8046532273292542,0,0.7234684824943542,1,0.8104433417320251,0,0.7497745752334595,1
38,Should general practitioners call patients by their first names?,yes,"To assess the acceptability to patients of the use of patients' first names by doctors and doctors' first names by patients in general practice. An administered questionnaire survey. 5 General practices in Lothian. 475 Patients consulting 30 general practitioners. Response by patients to questionnaire on attitude to use of first names. Most of the patients either liked (223) or did not mind (175) being called by their first names. Only 77 disliked it, most of whom were aged over 65. Most patients (324) did not, however, want to call the doctor by his or her first name.","To assess the acceptability to patients of the use of patients' first names by doctors and doctors' first names by patients in general practice. An administered questionnaire survey. 5 General practices in Lothian. 475 Patients consulting 30 general practitioners. Response by patients to questionnaire on attitude to use of first names. Most of the patients either liked (223) or did not mind (175) being called by their first names. Only 77 disliked it, most of whom were aged over 65. Most patients (324) did not, however, want to call the doctor by his or her first name.",0.7156875133514404,"The decision for general practitioners to call patients by their first names depends on several factors, including cultural norms, patient preferences, and the context of the doctor-patient relationship. In some cultures or settings, using a first name may be seen as friendly and help build rapport, while in others, it may be perceived as disrespectful or overly familiar. It is generally advisable for practitioners to ask patients how they prefer to be addressed and to respect those preferences to ensure comfort and maintain professionalism.

VERDICT: no","Step 1 — What biological mechanism or clinical concept is relevant here?

The relevant concept here is the doctor-patient relationship and communication. Effective communication is crucial in healthcare settings as it can influence patient satisfaction, adherence to treatment, and overall health outcomes. The way a doctor addresses a patient can impact the patient's comfort level, trust, and perception of the care they receive.

Step 2 — What does the evidence generally suggest?

Evidence suggests that the way healthcare providers address patients can significantly affect the doctor-patient relationship. Some studies indicate that using a patient's first name can create a more personal and friendly atmosphere, potentially increasing patient comfort and satisfaction. However, this can vary based on cultural norms, individual patient preferences, and the context of the interaction. Some patients may prefer a more formal address, especially in professional settings, or due to personal or cultural reasons.

Step 3 — What is the most supported conclusion?

The most supported conclusion is that general practitioners should consider individual patient preferences when deciding whether to use first names. It is important for practitioners to assess the patient's comfort level and cultural background, and possibly ask the patient how they prefer to be addressed. This personalized approach can help foster a positive doctor-patient relationship and improve communication.

VERDICT: no","Based on the evidence provided in Source 1, most patients either liked or did not mind being called by their first names by doctors. Specifically, 223 patients liked it, and 175 did not mind it, while only 77 disliked it, with the majority of those who disliked it being over the age of 65. This suggests that calling patients by their first names is generally acceptable to most patients, although some older patients may prefer otherwise.

VERDICT: yes","Step 1 — What do the retrieved sources say about this topic?
Source 1 directly addresses the topic of whether general practitioners should call patients by their first names. It reports that most patients either liked (223) or did not mind (175) being called by their first names. Only a minority (77) disliked it, and this group was primarily composed of individuals aged over 65.

Step 2 — Do the sources agree or contradict each other?
Only Source 1 provides relevant information on the topic of general practitioners calling patients by their first names. The other sources do not address this specific issue, so there is no agreement or contradiction among the sources.

Step 3 — What is the most evidence-supported conclusion?
Based on Source 1, the evidence suggests that the majority of patients are either favorable or indifferent to being addressed by their first names by general practitioners. Only a small portion, mainly older patients, expressed dislike for this practice.

VERDICT: yes",no,no,yes,yes,"[ 0.02502441  0.00328636  0.05554199 ... -0.01144409  0.00062513
  0.04110718]","[ 0.0295105  -0.00681686  0.04867554 ... -0.01335144 -0.00054312
  0.03646851]","[ 0.05743408 -0.02226257  0.02107239 ... -0.00910187 -0.0075798
  0.03457642]","[ 0.01841736  0.01335907  0.08215332 ...  0.00302124 -0.02076721
  0.04006958]","[ 0.00521851 -0.00233078  0.07202148 ... -0.01519012  0.00540161
  0.02563477]",0.7391165494918823,1,0.6581612229347229,1,0.757553219795227,0,0.7757095694541931,0
39,Do approved doctors and medical referees in the UK agree when assessing a seafarer's fitness?,no,"The seafaring industry remains a hazardous occupation that requires sophisticated systems of risk and fitness assessment. This study aims to investigate the extent of agreement between Approved Doctors (ADs) and Medical Referees (MRs) when they assess a seafarer's fitness. Between 2003 and 2009 a total of 232,878 seafarer medical examinations were carried out by ADs, of which 465 were considered by the MRs because the seafarer appealed against the AD's decision. The extent of agreement between ADs and MRs was studied. Two hundred and sixty-eight (58%) cases seen by the ADs were classed as category 4 ""permanently unfit""; the referees only placed 85 (18%) of them in this category. On the other hand, 252 (54%) cases seen by the MRs were classed as category 2 ""fit with restrictions"", while the ADs had only placed 111 (24%) in this category. The overall agreement between the assessors (AD vs. MR) was poor (Kappa K = 0.18). For cardiovascular diseases and for mental ill-health, access to additional information by the MR was the commonest reason for changing the fitness category, but for all other conditions factors such as the experience and knowledge of the MRs or their different interpretation of the standards were the most frequent reasons for a change to fitness category or to restrictions.","The seafaring industry remains a hazardous occupation that requires sophisticated systems of risk and fitness assessment. This study aims to investigate the extent of agreement between Approved Doctors (ADs) and Medical Referees (MRs) when they assess a seafarer's fitness. Between 2003 and 2009 a total of 232,878 seafarer medical examinations were carried out by ADs, of which 465 were considered by the MRs because the seafarer appealed against the AD's decision. The extent of agreement between ADs and MRs was studied. Two hundred and sixty-eight (58%) cases seen by the ADs were classed as category 4 ""permanently unfit""; the referees only placed 85 (18%) of them in this category. On the other hand, 252 (54%) cases seen by the MRs were classed as category 2 ""fit with restrictions"", while the ADs had only placed 111 (24%) in this category. The overall agreement between the assessors (AD vs. MR) was poor (Kappa K = 0.18). For cardiovascular diseases and for mental ill-health, access to additional information by the MR was the commonest reason for changing the fitness category, but for all other conditions factors such as the experience and knowledge of the MRs or their different interpretation of the standards were the most frequent reasons for a change to fitness category or to restrictions.",0.7824746370315552,"In the UK, the assessment of a seafarer's fitness is conducted by approved doctors and medical referees who follow specific guidelines and standards set by the Maritime and Coastguard Agency (MCA). While these professionals are trained to apply the same criteria, there can be variability in their assessments due to differences in clinical judgment, interpretation of guidelines, and individual case complexities. Studies and reports have indicated that there can be discrepancies in decisions made by different medical examiners, which suggests that complete agreement is not always achieved.

VERDICT: no","To address the question of whether approved doctors and medical referees in the UK agree when assessing a seafarer's fitness, we need to consider the following steps:

Step 1 — What biological mechanism or clinical concept is relevant here?
The relevant clinical concept involves the assessment of a seafarer's fitness for duty, which typically includes evaluating physical and mental health, vision, hearing, and other health parameters that could affect the ability to perform duties safely at sea. This assessment is guided by medical standards and regulations set by maritime authorities, such as the Maritime and Coastguard Agency (MCA) in the UK.

Step 2 — What does the evidence generally suggest?
In the UK, seafarers' medical fitness is assessed by approved doctors who are trained and authorized to conduct these evaluations. If a seafarer disagrees with the assessment, they can appeal to a medical referee, who is an independent doctor with expertise in maritime health. The evidence suggests that while both approved doctors and medical referees follow the same guidelines and standards, there can be differences in their assessments due to subjective interpretation of medical guidelines, individual judgment, and the specific circumstances of each case. However, the system is designed to ensure consistency and fairness, with the medical referee serving as a check to ensure that the initial assessment was conducted appropriately.

Step 3 — What is the most supported conclusion?
Given the structured process and the use of standardized guidelines, there is a general expectation of agreement between approved doctors and medical referees. However, the existence of an appeal process acknowledges that discrepancies can occur. The role of the medical referee is to provide an independent review, which suggests that while there is a high level of agreement, it is not absolute. The system is designed to resolve disagreements and ensure fair assessments.

VERDICT: no","The evidence from Source 1 indicates that there is some level of disagreement between Approved Doctors (ADs) and Medical Referees (MRs) when assessing a seafarer's fitness. Out of 232,878 seafarer medical examinations conducted by ADs, 465 cases were reviewed by MRs due to appeals against the ADs' decisions. In these cases, 268 (58%) were classed differently by the ADs, suggesting that there is not complete agreement between the two groups.

VERDICT: no","Step 1 — What do the retrieved sources say about this topic?
The only relevant source for this question is Source 1. It discusses the agreement between Approved Doctors (ADs) and Medical Referees (MRs) in the UK when assessing a seafarer's fitness. The study involved 232,878 seafarer medical examinations conducted by ADs, with 465 cases reviewed by MRs due to appeals against the ADs' decisions. The source mentions that 268 cases (58%) seen by the ADs were classed as cate, but it does not provide complete information on the level of agreement between ADs and MRs.

Step 2 — Do the sources agree or contradict each other?
Only Source 1 provides information relevant to the question. The other sources discuss unrelated topics, such as antimicrobial prescribing assessments and the effect of different examiners on medical student performance. Therefore, there is no agreement or contradiction among the sources regarding the agreement between ADs and MRs.

Step 3 — What is the most evidence-supported conclusion?
Source 1 provides partial information about the agreement between ADs and MRs, indicating that there is some level of disagreement, as evidenced by the appeals and subsequent reviews by MRs. However, the source does not provide a complete analysis or conclusion about the overall extent of agreement or disagreement between the two groups.

Final verdict based on the available evidence:
VERDICT: no",no,no,no,no,"[ 0.01272583  0.0914917   0.0635376  ...  0.02230835 -0.02526855
  0.01047516]","[-0.01106262  0.08947754  0.0512085  ...  0.03146362 -0.02191162
  0.0015831 ]","[ 0.0073967   0.05847168  0.0645752  ...  0.04785156 -0.03897095
  0.01699829]","[ 0.00525665  0.03918457  0.06939697 ...  0.03735352 -0.04071045
  0.03216553]","[-0.02113342  0.06530762  0.08508301 ...  0.04071045 -0.03077698
  0.01693726]",0.7890106439590454,0,0.8048573732376099,0,0.8841333389282227,0,0.8395453691482544,0
40,School food policy at Dutch primary schools: room for improvement?,yes,"Schools can play an important role in the prevention of obesity, e.g. by providing an environment that stimulates healthy eating habits and by developing a food policy to provide such an environment. The effectiveness of a school food policy is affected by the content of the policy, its implementation and its support by parents, teachers and principals. The aim of this study is to detect opportunities to improve the school food policy and/or implementation at Dutch primary schools. Therefore, this study explores the school food policy and investigates schools' (teachers and principals) and parents' opinion on the school food policy. Data on the schools' perspective of the food policy was collected from principals and teachers by means of semi-structured interviews. In total 74 principals and 72 teachers from 83 Dutch primary schools were interviewed. Data on parental perceptions about the school food policy were based on a cross-sectional survey among 1,429 parents from the same schools. Most principals (87.1%) reported that their school had a written food policy; however in most cases the rules were not clearly defined. Most of the principals (87.8%) believed that their school paid sufficient attention to nutrition and health. Teachers and principals felt that parents were primarily responsible to encourage healthy eating habits among children, while 49.8% of the parents believed that it is also a responsibility of the school to foster healthy eating habits among children. Most parents reported that they appreciated the school food policy and comply with the food rules. Parents' opinion on the enforcement of the school food policy varied: 28.1% believed that the school should enforce the policy more strongly, 32.1% was satisfied, and 39.8% had no opinion on this topic.","Schools can play an important role in the prevention of obesity, e.g. by providing an environment that stimulates healthy eating habits and by developing a food policy to provide such an environment. The effectiveness of a school food policy is affected by the content of the policy, its implementation and its support by parents, teachers and principals. The aim of this study is to detect opportunities to improve the school food policy and/or implementation at Dutch primary schools. Therefore, this study explores the school food policy and investigates schools' (teachers and principals) and parents' opinion on the school food policy. Data on the schools' perspective of the food policy was collected from principals and teachers by means of semi-structured interviews. In total 74 principals and 72 teachers from 83 Dutch primary schools were interviewed. Data on parental perceptions about the school food policy were based on a cross-sectional survey among 1,429 parents from the same schools. Most principals (87.1%) reported that their school had a written food policy; however in most cases the rules were not clearly defined. Most of the principals (87.8%) believed that their school paid sufficient attention to nutrition and health. Teachers and principals felt that parents were primarily responsible to encourage healthy eating habits among children, while 49.8% of the parents believed that it is also a responsibility of the school to foster healthy eating habits among children. Most parents reported that they appreciated the school food policy and comply with the food rules. Parents' opinion on the enforcement of the school food policy varied: 28.1% believed that the school should enforce the policy more strongly, 32.1% was satisfied, and 39.8% had no opinion on this topic.",0.6883040070533752,"Yes, there is room for improvement in school food policy at Dutch primary schools. Research and reports have indicated that while some schools have implemented healthy food policies, there is variability in the quality and enforcement of these policies across different schools. Additionally, there is a need for more comprehensive guidelines and support to ensure that all schools can provide nutritious meals that meet dietary guidelines. Efforts to improve school food policies can contribute to better health outcomes for children.

VERDICT: yes","To address the question of whether there is room for improvement in school food policy at Dutch primary schools, we need to consider several aspects.

Step 1 — What biological mechanism or clinical concept is relevant here?
The primary biological mechanism relevant to school food policy is nutrition and its impact on child development and health. Proper nutrition is crucial for children's growth, cognitive development, and overall health. School food policies can influence dietary habits, nutritional intake, and long-term health outcomes. Poor nutrition can lead to issues such as obesity, malnutrition, and related health problems, while a balanced diet can support healthy development and academic performance.

Step 2 — What does the evidence generally suggest?
Evidence from various studies indicates that school food policies can significantly impact children's dietary habits and health outcomes. In many countries, including the Netherlands, there is a growing concern about childhood obesity and inadequate nutrition. Studies suggest that school food environments often do not meet nutritional guidelines, and there is room for improvement in providing healthier food options. Interventions such as improving the nutritional quality of school meals, implementing educational programs about healthy eating, and creating supportive environments for healthy choices have been shown to improve children's dietary behaviors.

Step 3 — What is the most supported conclusion?
Given the importance of nutrition in child development and the evidence suggesting that current school food environments often fall short of optimal standards, there is a strong case for improving school food policies. This could involve revising nutritional guidelines, increasing the availability of healthy food options, and implementing educational initiatives to promote healthy eating habits among children. In the context of Dutch primary schools, similar challenges and opportunities for improvement likely exist, as they do in many other countries.

VERDICT: yes","The evidence from Source 1 suggests that there is room for improvement in the school food policy at Dutch primary schools. The study aims to detect opportunities to enhance the school food policy and its implementation, indicating that current policies may not be fully effective or optimized. The effectiveness of these policies is influenced by their content, implementation, and support from parents, teachers, and principals, suggesting that improvements could be made in these areas.

VERDICT: yes","Step 1 — What do the retrieved sources say about this topic?
- Source 1 discusses the role of schools in preventing obesity by providing an environment that encourages healthy eating habits and developing a food policy. It highlights that the effectiveness of a school food policy is influenced by its content, implementation, and support from parents, teachers, and principals. The study aims to identify opportunities to improve school food policy and/or its implementation at Dutch primary schools.

Step 2 — Do the sources agree or contradict each other?
- Source 1 is the only source that directly addresses the topic of school food policy at Dutch primary schools. The other sources do not provide relevant information on this specific topic. Therefore, there is no agreement or contradiction among the sources regarding this topic.

Step 3 — What is the most evidence-supported conclusion?
- Based on Source 1, there is an indication that there is room for improvement in the school food policy and/or its implementation at Dutch primary schools. The study aims to explore and identify opportunities for such improvements, suggesting that current policies may not be fully effective or optimally implemented.

Final verdict:
VERDICT: yes",yes,yes,yes,yes,"[-0.02796936  0.01345825  0.05300903 ...  0.03044128 -0.02941895
 -0.0050621 ]","[-0.02978516  0.02079773  0.05526733 ...  0.02346802 -0.02137756
  0.00639343]","[-0.00658798  0.01475525  0.01913452 ...  0.02088928 -0.03027344
 -0.00913239]","[-0.02500916 -0.00319672  0.01867676 ...  0.03137207 -0.01782227
 -0.00662994]","[-0.0065155   0.01383209  0.03833008 ...  0.02281189 -0.01082611
 -0.00875854]",0.7726093530654907,0,0.7883428335189819,0,0.777405858039856,0,0.8048138618469238,0
41,Estimation of basal metabolic rate in Chinese: are the current prediction equations applicable?,yes,"Measurement of basal metabolic rate (BMR) is suggested as a tool to estimate energy requirements. Therefore, BMR prediction equations have been developed in multiple populations because indirect calorimetry is not always feasible. However, there is a paucity of data on BMR measured in overweight and obese adults living in Asia and equations developed for this group of interest. The aim of this study was to develop a new BMR prediction equation for Chinese adults applicable for a large BMI range and compare it with commonly used prediction equations. Subjects were 121 men and 111 women (age: 21-67 years, BMI: 16-41 kg/m(2)). Height, weight, and BMR were measured. Continuous open-circuit indirect calorimetry using a ventilated hood system for 30 min was used to measure BMR. A regression equation was derived using stepwise regression and accuracy was compared to 6 existing equations (Harris-Benedict, Henry, Liu, Yang, Owen and Mifflin). Additionally, the newly derived equation was cross-validated in a separate group of 70 Chinese subjects (26 men and 44 women, age: 21-69 years, BMI: 17-39 kg/m(2)). The equation developed from our data was: BMR (kJ/d) = 52.6 x weight (kg) + 828 x gender + 1960 (women = 0, men = 1; R(2) = 0.81). The accuracy rate (within 10 % accurate) was 78 % which compared well to Owen (70 %), Henry (67 %), Mifflin (67 %), Liu (58 %), Harris-Benedict (45 %) and Yang (37 %) for the whole range of BMI. For a BMI greater than 23, the Singapore equation reached an accuracy rate of 76 %. Cross-validation proved an accuracy rate of 80 %.","Measurement of basal metabolic rate (BMR) is suggested as a tool to estimate energy requirements. Therefore, BMR prediction equations have been developed in multiple populations because indirect calorimetry is not always feasible. However, there is a paucity of data on BMR measured in overweight and obese adults living in Asia and equations developed for this group of interest. The aim of this study was to develop a new BMR prediction equation for Chinese adults applicable for a large BMI range and compare it with commonly used prediction equations. Subjects were 121 men and 111 women (age: 21-67 years, BMI: 16-41 kg/m(2)). Height, weight, and BMR were measured. Continuous open-circuit indirect calorimetry using a ventilated hood system for 30 min was used to measure BMR. A regression equation was derived using stepwise regression and accuracy was compared to 6 existing equations (Harris-Benedict, Henry, Liu, Yang, Owen and Mifflin). Additionally, the newly derived equation was cross-validated in a separate group of 70 Chinese subjects (26 men and 44 women, age: 21-69 years, BMI: 17-39 kg/m(2)). The equation developed from our data was: BMR (kJ/d) = 52.6 x weight (kg) + 828 x gender + 1960 (women = 0, men = 1; R(2) = 0.81). The accuracy rate (within 10 % accurate) was 78 % which compared well to Owen (70 %), Henry (67 %), Mifflin (67 %), Liu (58 %), Harris-Benedict (45 %) and Yang (37 %) for the whole range of BMI. For a BMI greater than 23, the Singapore equation reached an accuracy rate of 76 %. Cross-validation proved an accuracy rate of 80 %.",0.7701992988586426,"The applicability of current prediction equations for estimating basal metabolic rate (BMR) in Chinese populations has been questioned due to potential differences in body composition, lifestyle, and genetic factors compared to the populations on which these equations were originally developed. Studies have shown that commonly used equations, such as the Harris-Benedict or Mifflin-St Jeor equations, may not accurately predict BMR in Chinese individuals. Research suggests that these equations often overestimate or underestimate BMR in this population, indicating a need for population-specific equations or adjustments to improve accuracy.

VERDICT: no","Step 1 — What biological mechanism or clinical concept is relevant here?

The basal metabolic rate (BMR) is the amount of energy expended while at rest in a neutrally temperate environment, in the post-absorptive state. It is influenced by several factors, including age, sex, body composition, and ethnicity. Prediction equations for BMR, such as the Harris-Benedict equation, are often used to estimate BMR based on these factors. However, these equations were developed using specific populations, and their applicability to other ethnic groups, such as the Chinese population, may vary due to differences in body composition and metabolic characteristics.

Step 2 — What does the evidence generally suggest?

Evidence suggests that prediction equations for BMR developed in Western populations may not be directly applicable to Asian populations, including Chinese individuals. Studies have shown that Asians, including Chinese, often have a different body composition compared to Western populations, such as a higher body fat percentage at the same BMI. This can lead to discrepancies in BMR estimations when using equations not specifically validated for these populations. Research indicates that using population-specific equations or adjusting existing equations may provide more accurate BMR estimations for Chinese individuals.

Step 3 — What is the most supported conclusion?

The most supported conclusion is that the current prediction equations for estimating BMR, which were primarily developed using Western populations, may not be fully applicable to the Chinese population without adjustments or the development of new, population-specific equations. This is due to differences in body composition and metabolic rates that are not accounted for in the original equations.

VERDICT: no","The evidence provided in Source 1 indicates that there is a lack of data on basal metabolic rate (BMR) measured in overweight and obese adults living in Asia, specifically Chinese adults. This study aimed to develop a new BMR prediction equation for Chinese adults that would be applicable across a large BMI range. The need for a new equation suggests that existing prediction equations may not be fully applicable or accurate for this population. The study's objective to compare the new equation with commonly used prediction equations implies that current equations may not be suitable for Chinese adults.

VERDICT: no","Step 1 — What do the retrieved sources say about this topic?
- Source 1 discusses the development of a new basal metabolic rate (BMR) prediction equation specifically for Chinese adults, indicating that existing equations may not be suitable for this population, especially considering a wide range of BMI. This suggests that current prediction equations may not be fully applicable to Chinese adults.
- Source 2 and Source 3 do not directly address the applicability of BMR prediction equations to Chinese adults. Source 2 focuses on BMI growth curves in Japanese females, and Source 3 examines resting metabolic rate (RMR) differences in African American women compared to non-African American women.

Step 2 — Do the sources agree or contradict each other?
- Source 1 is the only source that directly addresses the applicability of BMR prediction equations to Chinese adults. It suggests that there is a need for a new equation tailored to this population. The other sources do not provide information that directly supports or contradicts this claim.

Step 3 — What is the most evidence-supported conclusion?
- Based on Source 1, there is an indication that current BMR prediction equations may not be fully applicable to Chinese adults, as there is a need for a new equation that considers a wide BMI range in this population. The other sources do not provide relevant information to counter this claim.

VERDICT: no",no,no,no,no,"[ 0.03216553  0.00987244  0.04937744 ... -0.00418091  0.01704407
  0.0423584 ]","[ 0.03482056  0.0151062   0.0559082  ... -0.00643158  0.01314545
  0.02786255]","[ 0.05047607  0.01631165  0.02577209 ...  0.01268005 -0.00136662
  0.03311157]","[ 0.05810547  0.03421021  0.05123901 ...  0.01776123 -0.00505447
  0.03320312]","[ 0.03665161  0.01567078  0.04211426 ...  0.00313187 -0.00660324
  0.01093292]",0.8263088464736938,0,0.8138378858566284,0,0.8671371340751648,0,0.8027743101119995,0
42,Elephant trunk in a small-calibre true lumen for chronic aortic dissection: cause of haemolytic anaemia?,yes,"The elephant trunk technique for aortic dissection is useful for reducing false lumen pressure; however, a folded vascular prosthesis inside the aorta can cause haemolysis. The purpose of this study was to investigate whether an elephant trunk in a small-calibre lumen can cause haemolysis. Inpatient and outpatient records were retrospectively reviewed. Two cases of haemolytic anaemia after aortic surgery using the elephant trunk technique were identified from 2011 to 2013. A 64-year-old man, who underwent graft replacement of the ascending aorta for acute Stanford type A aortic dissection, presented with enlargement of the chronic dissection of the descending aorta and moderate aortic regurgitation. A two-stage surgery was scheduled. Total arch replacement with an elephant trunk in the true lumen and concomitant aortic valve replacement were performed. Postoperatively, he developed severe haemolytic anaemia because of the folded elephant trunk. The anaemia improved after the second surgery, including graft replacement of the descending aorta. Similarly, a 61-year-old man, who underwent total arch replacement for acute Stanford type A aortic dissection, presented with enlargement of the chronic dissection of the descending aorta. Graft replacement of the descending aorta with an elephant trunk inserted into the true lumen was performed. The patient postoperatively developed haemolytic anaemia because of the folded elephant trunk, which improved after additional stent grafting into the elephant trunk.","The elephant trunk technique for aortic dissection is useful for reducing false lumen pressure; however, a folded vascular prosthesis inside the aorta can cause haemolysis. The purpose of this study was to investigate whether an elephant trunk in a small-calibre lumen can cause haemolysis. Inpatient and outpatient records were retrospectively reviewed. Two cases of haemolytic anaemia after aortic surgery using the elephant trunk technique were identified from 2011 to 2013. A 64-year-old man, who underwent graft replacement of the ascending aorta for acute Stanford type A aortic dissection, presented with enlargement of the chronic dissection of the descending aorta and moderate aortic regurgitation. A two-stage surgery was scheduled. Total arch replacement with an elephant trunk in the true lumen and concomitant aortic valve replacement were performed. Postoperatively, he developed severe haemolytic anaemia because of the folded elephant trunk. The anaemia improved after the second surgery, including graft replacement of the descending aorta. Similarly, a 61-year-old man, who underwent total arch replacement for acute Stanford type A aortic dissection, presented with enlargement of the chronic dissection of the descending aorta. Graft replacement of the descending aorta with an elephant trunk inserted into the true lumen was performed. The patient postoperatively developed haemolytic anaemia because of the folded elephant trunk, which improved after additional stent grafting into the elephant trunk.",0.7927178740501404,"Yes, an elephant trunk in a small-calibre true lumen for chronic aortic dissection can cause haemolytic anaemia. The ""elephant trunk"" procedure involves placing a graft in the aorta, which can lead to turbulent blood flow if the true lumen is small. This turbulence can cause mechanical damage to red blood cells as they pass through the narrowed area, leading to haemolysis and subsequent haemolytic anaemia.

VERDICT: yes","To address the question of whether an ""elephant trunk"" in a small-calibre true lumen for chronic aortic dissection can cause haemolytic anaemia, we need to consider the following steps:

Step 1 — What biological mechanism or clinical concept is relevant here?
The ""elephant trunk"" procedure is a surgical technique used in the treatment of aortic dissection, particularly when there is a need to manage complex aortic pathologies. In chronic aortic dissection, the aorta is split into a true lumen and a false lumen. If the true lumen is small in calibre, it can lead to turbulent blood flow. Turbulent flow and mechanical stress on red blood cells (RBCs) can cause mechanical haemolysis, leading to haemolytic anaemia. This is because the RBCs are damaged as they pass through areas of high shear stress or turbulence, which can occur in narrowed or irregular vascular structures.

Step 2 — What does the evidence generally suggest?
The evidence suggests that mechanical haemolysis can occur in situations where there is significant turbulence or shear stress in the blood flow. This is well-documented in conditions such as prosthetic heart valves or vascular grafts where abnormal flow dynamics are present. In the context of aortic dissection, if the true lumen is significantly narrowed, the introduction of an ""elephant trunk"" graft could exacerbate these conditions, potentially leading to haemolysis.

Step 3 — What is the most supported conclusion?
Given the understanding of haemolytic anaemia due to mechanical causes and the potential for turbulent flow in a small-calibre true lumen, it is plausible that an ""elephant trunk"" in such a setting could contribute to haemolytic anaemia. The mechanical stress and turbulence associated with the altered flow dynamics in the true lumen could damage RBCs, leading to their premature destruction and resulting in haemolytic anaemia.

VERDICT: yes","The evidence provided in Source 1 indicates that the elephant trunk technique for aortic dissection can lead to haemolysis, particularly when a folded vascular prosthesis is placed inside the aorta. The study specifically investigated cases of haemolytic anaemia following aortic surgery using the elephant trunk technique and identified two cases of haemolytic anaemia. This suggests that the presence of an elephant trunk in a small-calibre true lumen could indeed be a cause of haemolytic anaemia.

VERDICT: yes","Step 1 — What do the retrieved sources say about this topic?
- Source 1 discusses the elephant trunk technique for aortic dissection and mentions that a folded vascular prosthesis inside the aorta can cause haemolysis. It specifically identifies two cases of haemolytic anaemia after aortic surgery using the elephant trunk technique, suggesting a potential link between the technique and haemolytic anaemia.
- Source 2 and Source 3 do not provide information relevant to the elephant trunk technique or haemolytic anaemia in the context of aortic dissection.

Step 2 — Do the sources agree or contradict each other?
- Source 1 provides direct evidence linking the elephant trunk technique in aortic dissection to haemolytic anaemia. Sources 2 and 3 do not address this topic, so there is no contradiction or agreement from these sources.

Step 3 — What is the most evidence-supported conclusion?
- Based on Source 1, there is evidence suggesting that the elephant trunk technique in a small-calibre true lumen for chronic aortic dissection can cause haemolytic anaemia. The other sources do not provide additional information to support or refute this claim.

Final verdict:
VERDICT: yes",yes,yes,yes,yes,[0.00572205 0.01166534 0.05978394 ... 0.01480865 0.01338959 0.02227783],"[-0.00308609  0.02264404  0.05844116 ...  0.02272034  0.01177979
  0.01701355]",[0.02827454 0.02600098 0.03833008 ... 0.03375244 0.00303078 0.02737427],"[-0.00680923  0.00800323  0.04595947 ...  0.0453186  -0.00640106
  0.02432251]","[-0.01249695  0.01956177  0.0737915  ...  0.0194397   0.01771545
  0.01318359]",0.8523484468460083,0,0.8438957333564758,0,0.8388323783874512,0,0.8226681351661682,0
43,Is routine dissection of the station 9 lymph nodes really necessary for primary lung cancer?,no,"Mediastinal lymph node dissection is an essential component of lung cancer surgery; however, choosing mediastinal lymph nodes stations to be dissected is subjective. We carried out this research to investigate the need for dissection of station 9 lymph nodes during lung cancer surgery. Patients with primary lung cancer who underwent radical surgery between 2010 and 2014 were retrospectively reviewed. Clinical, pathologic, and prognosis data were obtained and analyzed. A total number of 1397 patients were included in this research. The metastasis rate of station 9 was 3.45%, which was significantly lower than other mediastinal stations. This metastasis rate was significantly correlated with pT stage, the lobe where the tumor was located, metastasis status of intrapulmonary lymph nodes, pTNM stage, and most of the other mediastinal lymph node stations. In males or ground glass opacity (GGO) patients, the metastasis of station 9 nodes was more unlikely to occur, even though there was no statistical significance. The staging results of most patients (99.63%) would not be impaired, even if station 9 nodes were not dissected, and the prognostic analysis showed that the metastasis status of station 9 had no significant influence on survival.","Mediastinal lymph node dissection is an essential component of lung cancer surgery; however, choosing mediastinal lymph nodes stations to be dissected is subjective. We carried out this research to investigate the need for dissection of station 9 lymph nodes during lung cancer surgery. Patients with primary lung cancer who underwent radical surgery between 2010 and 2014 were retrospectively reviewed. Clinical, pathologic, and prognosis data were obtained and analyzed. A total number of 1397 patients were included in this research. The metastasis rate of station 9 was 3.45%, which was significantly lower than other mediastinal stations. This metastasis rate was significantly correlated with pT stage, the lobe where the tumor was located, metastasis status of intrapulmonary lymph nodes, pTNM stage, and most of the other mediastinal lymph node stations. In males or ground glass opacity (GGO) patients, the metastasis of station 9 nodes was more unlikely to occur, even though there was no statistical significance. The staging results of most patients (99.63%) would not be impaired, even if station 9 nodes were not dissected, and the prognostic analysis showed that the metastasis status of station 9 had no significant influence on survival.",0.7429745197296143,"The necessity of routine dissection of station 9 lymph nodes in primary lung cancer is debated. Station 9 lymph nodes are located in the pulmonary ligament, and their involvement in lung cancer is relatively rare compared to other nodal stations. Some studies suggest that routine dissection of these nodes may not significantly impact staging or treatment outcomes, especially in early-stage lung cancer. Additionally, dissection of station 9 lymph nodes can increase surgical complexity and potential morbidity without clear evidence of benefit in all cases. Therefore, the decision to dissect these nodes is often individualized based on the tumor's location, stage, and other clinical factors.

VERDICT: no","Step 1 — What biological mechanism or clinical concept is relevant here?

In the context of primary lung cancer, lymph node dissection is a surgical procedure performed to remove lymph nodes that may contain cancer cells. The station 9 lymph nodes are located in the pulmonary ligament, and their involvement can indicate the spread of cancer beyond the primary tumor site. The necessity of dissecting these lymph nodes during surgery for lung cancer is based on the potential for metastasis and the impact on staging, prognosis, and treatment planning.

Step 2 — What does the evidence generally suggest?

The evidence regarding the necessity of routine dissection of station 9 lymph nodes is mixed. Some studies suggest that the involvement of these lymph nodes is relatively rare and that their dissection may not significantly alter staging or improve survival outcomes. Other studies indicate that thorough lymph node dissection, including station 9, can provide more accurate staging and potentially improve survival by ensuring complete removal of metastatic nodes. However, routine dissection of station 9 lymph nodes may increase surgical time and potential complications without clear evidence of benefit in all cases.

Step 3 — What is the most supported conclusion?

The most supported conclusion is that routine dissection of station 9 lymph nodes is not universally necessary for all patients with primary lung cancer. The decision should be individualized based on factors such as tumor location, size, and preoperative imaging findings. Selective dissection may be more appropriate, focusing on cases where there is a higher suspicion of lymph node involvement based on clinical and radiological assessments.

VERDICT: no","The evidence provided in Source 1 indicates that the metastasis rate of station 9 lymph nodes in primary lung cancer patients was 3.45%. This suggests that metastasis to station 9 lymph nodes is relatively low. However, the evidence does not provide a direct conclusion on whether routine dissection of station 9 lymph nodes is necessary. The other sources do not specifically address station 9 lymph nodes or their dissection in the context of lung cancer surgery.

Based on the available evidence, there is no strong indication that routine dissection of station 9 lymph nodes is necessary for primary lung cancer.

VERDICT: no","Step 1 — What do the retrieved sources say about this topic?

- Source 1 discusses the necessity of dissecting station 9 lymph nodes during lung cancer surgery. It reports a metastasis rate of 3.45% for station 9 lymph nodes in a study of 1397 patients with primary lung cancer who underwent radical surgery. This suggests that metastasis to station 9 lymph nodes is relatively low.

- Source 2 does not specifically address station 9 lymph nodes but discusses the surgical treatment of stage I non-small cell lung carcinoma, including complete hilar and mediastinal lymphadenectomy. It focuses on the prognostic significance of surgical-pathologic variables without detailing specific lymph node stations.

- Source 3 examines the immune cell microenvironment of regional lymph nodes positive for lung cancer but does not specifically mention station 9 lymph nodes or their necessity in routine dissection.

Step 2 — Do the sources agree or contradict each other?

The sources do not directly contradict each other, but they do not all address the same specific question about station 9 lymph nodes. Source 1 provides direct evidence regarding the metastasis rate of station 9 lymph nodes, suggesting a low rate of metastasis. Source 2 and Source 3 do not provide specific information about station 9 lymph nodes, so they neither support nor contradict the findings of Source 1.

Step 3 — What is the most evidence-supported conclusion?

Based on the available evidence, particularly from Source 1, the metastasis rate to station 9 lymph nodes is relatively low (3.45%). This suggests that routine dissection of station 9 lymph nodes may not be necessary for all patients with primary lung cancer, as the likelihood of metastasis is low. However, the decision should be individualized based on other clinical factors and the surgeon's judgment.

VERDICT: no",no,no,no,no,"[-0.00703049 -0.00878143  0.04421997 ... -0.00424194  0.00069141
  0.02998352]","[ 0.00263977 -0.00183678  0.05133057 ...  0.00823212 -0.00768661
  0.01802063]","[ 0.01419067  0.00359917  0.0513916  ...  0.01036835 -0.01924133
  0.02075195]","[-0.004776   -0.00173569  0.0508728  ...  0.0092926  -0.0154953
  0.0271759 ]","[-0.004673   -0.00380135  0.06652832 ...  0.01049805 -0.00057364
  0.01465607]",0.8514049053192139,0,0.8577706813812256,0,0.8627563714981079,0,0.85344398021698,0
44,Long-term significance of postictal psychotic episodes II. Are they predictive of interictal psychotic episodes?,yes,"The aim of this study was to determine whether postictal psychotic episodes (PIPE) are predictive of the development of interictal psychotic episodes (IPE). This was a retrospective study of 18 consecutive adults with a partial seizure disorder and PIPE (study group) and 36 patients with a partial seizure disorder but without PIPE (control group). These two groups were compared with respect to the likelihood of developing IPE over an 8-year follow-up period and the variables operant in the development of IPE. Statistical analyses consisted of logistic regression models to identify the variables predictive of the development of IPE. Predictors included: number and location of ictal foci, seizure type, etiology, age at seizure onset, duration of seizure disorder, MRI abnormalities, and psychiatric history prior to the index video/EEG monitoring (other than PIPE). Seven patients with PIPE and one control patient went on to develop an IPE. Predictors of IPE in univariate logistic regression analyses included a history of PIPE (P=0.006), male gender (P=0.028), and having bilateral ictal foci (P=0.048). Significance disappeared for all of these variables when they were entered into a multivariate analysis.","The aim of this study was to determine whether postictal psychotic episodes (PIPE) are predictive of the development of interictal psychotic episodes (IPE). This was a retrospective study of 18 consecutive adults with a partial seizure disorder and PIPE (study group) and 36 patients with a partial seizure disorder but without PIPE (control group). These two groups were compared with respect to the likelihood of developing IPE over an 8-year follow-up period and the variables operant in the development of IPE. Statistical analyses consisted of logistic regression models to identify the variables predictive of the development of IPE. Predictors included: number and location of ictal foci, seizure type, etiology, age at seizure onset, duration of seizure disorder, MRI abnormalities, and psychiatric history prior to the index video/EEG monitoring (other than PIPE). Seven patients with PIPE and one control patient went on to develop an IPE. Predictors of IPE in univariate logistic regression analyses included a history of PIPE (P=0.006), male gender (P=0.028), and having bilateral ictal foci (P=0.048). Significance disappeared for all of these variables when they were entered into a multivariate analysis.",0.6199977397918701,"Postictal psychotic episodes are episodes of psychosis that occur after a seizure, typically within 24 to 48 hours. There is evidence suggesting that individuals who experience postictal psychotic episodes may have an increased risk of developing interictal psychotic episodes, which occur independently of seizures. This is because both types of psychosis may share underlying pathophysiological mechanisms related to epilepsy. Studies have shown that patients with postictal psychosis are more likely to develop interictal psychosis compared to those without postictal psychosis. Therefore, postictal psychotic episodes can be considered a risk factor for the development of interictal psychotic episodes.

VERDICT: yes","Step 1 — What biological mechanism or clinical concept is relevant here?

Postictal psychotic episodes occur after a seizure and are characterized by a temporary period of psychosis. Interictal psychotic episodes, on the other hand, occur between seizures and are not directly linked to a recent seizure event. The biological mechanisms underlying these episodes may involve alterations in neurotransmitter systems, particularly those involving dopamine and glutamate, as well as changes in brain regions such as the temporal lobes. Understanding whether postictal psychotic episodes can predict interictal psychotic episodes involves examining the progression and potential shared pathophysiology of these conditions.

Step 2 — What does the evidence generally suggest?

The evidence on the relationship between postictal and interictal psychotic episodes is mixed. Some studies suggest that individuals who experience postictal psychotic episodes may have an increased risk of developing interictal psychotic episodes. This could be due to shared underlying vulnerabilities, such as genetic predispositions or structural brain abnormalities. However, other studies have not found a strong predictive relationship, indicating that while there may be some overlap in risk factors, postictal psychosis does not necessarily lead to interictal psychosis in all cases.

Step 3 — What is the most supported conclusion?

The most supported conclusion is that while there is some evidence suggesting a potential link between postictal and interictal psychotic episodes, the relationship is not definitive. The presence of postictal psychotic episodes may indicate an increased risk for interictal psychosis in some individuals, but it is not a consistent or reliable predictor across all cases. More research is needed to clarify the mechanisms and risk factors involved.

VERDICT: no","Based on the evidence provided in Source 1, the study aimed to determine whether postictal psychotic episodes (PIPE) are predictive of the development of interictal psychotic episodes (IPE). The study involved a retrospective analysis of 18 adults with partial seizure disorder and PIPE, compared to 36 patients with partial seizure disorder but without PIPE. The study followed these groups over an 8-year period to assess the likelihood of developing IPE. Although the specific results of the study are not detailed in the abstract, the study's objective and methodology suggest that it was designed to evaluate the predictive relationship between PIPE and IPE.

VERDICT: yes","Step 1 — What do the retrieved sources say about this topic?
Source 1 directly addresses the question of whether postictal psychotic episodes (PIPE) are predictive of interictal psychotic episodes (IPE). It describes a study comparing two groups of patients with partial seizure disorders: one group with PIPE and another without. The study aimed to determine the likelihood of developing IPE over an 8-year follow-up period and used statistical analyses to identify predictive variables.

Step 2 — Do the sources agree or contradict each other?
Only Source 1 is relevant to the question, as it specifically investigates the relationship between PIPE and IPE. The other sources (Source 2 and Source 3) discuss unrelated topics: Source 2 focuses on schizophrenia and IQ, while Source 3 examines relapse factors in unipolar major depressive episodes. Therefore, there is no agreement or contradiction among the sources regarding the question, as only one source is pertinent.

Step 3 — What is the most evidence-supported conclusion?
Based on Source 1, which is the only relevant source, the study was designed to determine if PIPE are predictive of IPE. Although the abstract does not provide the study's results, the fact that this was the aim of the study suggests that there is an interest in exploring this potential predictive relationship. However, without explicit results, we cannot definitively conclude the outcome.

VERDICT: The evidence from Source 1 suggests a potential predictive relationship, but without explicit results, a definitive conclusion cannot be drawn. Therefore, the verdict is:
VERDICT: no",yes,no,yes,no,"[-0.02418518 -0.0539856  -0.02890015 ...  0.02897644 -0.00611115
  0.01579285]","[-0.01646423 -0.05252075 -0.01477051 ...  0.02734375 -0.01541138
  0.0296936 ]","[ 0.01292419 -0.02998352 -0.03100586 ... -0.00630188 -0.01467896
 -0.00442505]","[-0.00242805 -0.03469849 -0.0036335  ...  0.00022602 -0.0045929
  0.00623703]","[ 0.00791931 -0.02507019 -0.01070404 ... -0.0140152  -0.02554321
  0.0005002 ]",0.6288700699806213,1,0.6340490579605103,1,0.9148451089859009,0,0.8340657353401184,0
45,Does the SCL 90-R obsessive-compulsive dimension identify cognitive impairments?,yes,"To investigate the relevance of the Symptom Checklist 90-R Obsessive-Compulsive subscale to cognition in individuals with brain tumor. A prospective study of patients assessed with a neuropsychological test battery. A university medical center. Nineteen adults with biopsy-confirmed diagnoses of malignant brain tumors were assessed prior to aggressive chemotherapy. Included in the assessment were the Mattis Dementia Rating Scale, California Verbal Learning Test, Trail Making Test B, Symptom Checklist 90-R, Mood Assessment Scale, Beck Anxiety Inventory, and Chronic Illness Problem Inventory. The SCL 90-R Obsessive-Compulsive subscale was not related to objective measures of attention, verbal memory, or age. It was related significantly to symptoms of depression (r = .81, P<.005), anxiety (r = .66, P<.005), and subjective complaints of memory problems (r = .75, P<.005). Multivariate analyses indicated that reported symptoms of depression contributed 66% of the variance in predicting SCL 90-R Obsessive-Compulsive Scores, whereas symptoms of anxiety contributed an additional 6% (P<.0001).","To investigate the relevance of the Symptom Checklist 90-R Obsessive-Compulsive subscale to cognition in individuals with brain tumor. A prospective study of patients assessed with a neuropsychological test battery. A university medical center. Nineteen adults with biopsy-confirmed diagnoses of malignant brain tumors were assessed prior to aggressive chemotherapy. Included in the assessment were the Mattis Dementia Rating Scale, California Verbal Learning Test, Trail Making Test B, Symptom Checklist 90-R, Mood Assessment Scale, Beck Anxiety Inventory, and Chronic Illness Problem Inventory. The SCL 90-R Obsessive-Compulsive subscale was not related to objective measures of attention, verbal memory, or age. It was related significantly to symptoms of depression (r = .81, P<.005), anxiety (r = .66, P<.005), and subjective complaints of memory problems (r = .75, P<.005). Multivariate analyses indicated that reported symptoms of depression contributed 66% of the variance in predicting SCL 90-R Obsessive-Compulsive Scores, whereas symptoms of anxiety contributed an additional 6% (P<.0001).",0.6852733492851257,"The SCL-90-R (Symptom Checklist-90-Revised) is a psychological assessment tool designed to evaluate a broad range of psychological problems and symptoms of psychopathology. It includes various dimensions, one of which is the obsessive-compulsive dimension. This dimension primarily assesses symptoms related to obsessive-compulsive behaviors and thoughts, such as repetitive thoughts and actions, rather than directly identifying cognitive impairments.

Cognitive impairments typically refer to deficits in cognitive functions such as memory, attention, and executive functioning. While obsessive-compulsive symptoms can be associated with cognitive challenges, the SCL-90-R obsessive-compulsive dimension is not specifically designed to identify or measure cognitive impairments. Instead, it focuses on the presence and severity of obsessive-compulsive symptoms.

Therefore, while there may be some overlap between obsessive-compulsive symptoms and cognitive challenges, the SCL-90-R obsessive-compulsive dimension itself does not directly identify cognitive impairments.

VERDICT: no","To address the question of whether the SCL 90-R obsessive-compulsive dimension identifies cognitive impairments, we need to consider the following steps:

Step 1 — What biological mechanism or clinical concept is relevant here?
The SCL 90-R (Symptom Checklist-90-Revised) is a psychological assessment tool designed to evaluate a broad range of psychological problems and symptoms of psychopathology. The obsessive-compulsive dimension of the SCL 90-R specifically measures symptoms related to obsessive-compulsive disorder (OCD), such as intrusive thoughts and compulsive behaviors. Cognitive impairments, on the other hand, refer to deficits in cognitive functions such as memory, attention, and executive functioning. In the context of OCD, cognitive impairments can manifest as difficulties in these areas, potentially due to the intrusive nature of obsessive thoughts and the mental energy consumed by compulsive behaviors.

Step 2 — What does the evidence generally suggest?
Research on the SCL 90-R indicates that it is primarily a self-report symptom inventory used to assess psychological distress and symptom patterns rather than specific cognitive impairments. While the obsessive-compulsive dimension can highlight the presence of OCD symptoms, it does not directly measure cognitive impairments. Cognitive impairments in OCD are typically assessed using neuropsychological tests that evaluate specific cognitive domains. The SCL 90-R is more focused on identifying symptom severity and distress rather than providing a detailed cognitive profile.

Step 3 — What is the most supported conclusion?
Given that the SCL 90-R is designed to assess psychological symptoms and distress rather than cognitive functioning, it is not specifically intended to identify cognitive impairments. While individuals with high scores on the obsessive-compulsive dimension may experience cognitive difficulties, the SCL 90-R itself does not directly measure these impairments. Therefore, it is not a tool for identifying cognitive impairments.

VERDICT: no","The evidence provided in Source 1 mentions the use of the Symptom Checklist 90-R (SCL 90-R) Obsessive-Compulsive subscale in a study involving individuals with brain tumors. However, the abstract does not provide specific information on whether this subscale identifies cognitive impairments. It only states that the SCL 90-R was part of a broader neuropsychological assessment battery used in the study. There is no direct evidence from the abstracts provided that the SCL 90-R obsessive-compulsive dimension specifically identifies cognitive impairments.

VERDICT: no","Step 1 — What do the retrieved sources say about this topic?
- Source 1 mentions the use of the Symptom Checklist 90-R (SCL 90-R) Obsessive-Compulsive subscale in a study involving individuals with brain tumors. The study aimed to investigate the relevance of this subscale to cognition in these individuals. However, the abstract does not provide specific results or conclusions about whether the SCL 90-R Obsessive-Compulsive dimension identifies cognitive impairments.
- Source 2 and Source 3 do not provide information relevant to the SCL 90-R Obsessive-Compulsive dimension or its ability to identify cognitive impairments.

Step 2 — Do the sources agree or contradict each other?
- Only Source 1 is relevant to the question, and it does not provide a clear conclusion about the ability of the SCL 90-R Obsessive-Compulsive dimension to identify cognitive impairments. Sources 2 and 3 do not address this topic.

Step 3 — What is the most evidence-supported conclusion?
- Based on the available evidence, there is insufficient information to determine whether the SCL 90-R Obsessive-Compulsive dimension identifies cognitive impairments. Source 1 mentions its use in a study related to cognition but does not provide specific findings or conclusions.

VERDICT: no",no,no,no,no,"[ 0.0317688   0.02729797  0.02792358 ...  0.01313782 -0.00488663
  0.01661682]","[ 0.04782104  0.05340576  0.03173828 ...  0.02000427 -0.00296783
  0.02186584]","[ 0.03140259  0.03933716 -0.01317596 ...  0.02937317 -0.00787354
  0.00955963]","[ 0.02606201  0.02230835 -0.00018287 ...  0.02671814 -0.00179958
  0.02452087]","[ 0.01803589  0.02688599  0.03216553 ...  0.0279541  -0.01222229
 -0.010849  ]",0.7321771383285522,1,0.7272438406944275,1,0.844140887260437,0,0.78071129322052,0
46,Undescended testes: does age at orchiopexy affect survival of the testis?,no,"The optimal age at which to perform orchiopexy for cryptorchidism has long been debated. The aim of this study was to determine if age at orchiopexy affected testicular atrophy. A retrospective review of patients undergoing orchiopexy from 2000 to 2010 was conducted. An individual testis, rather than patient, was used as the dependent variable. A total of 349 testicles from 1126 charts (ICD-9=752.51) were identified. Primary study outcome was testicular survival without atrophy. Mean follow up for the study was 25 months. There was postoperative atrophy in 27 testes (7.7%). Intraabdominal testicle was independently associated with increased postsurgical atrophy (p<0.0001). The odds of postsurgical atrophy were 15.66 times higher for an abdominal vs. inguinal location (95% CI: 5.5-44.6). Testicular atrophy was highest for orchiopexy at ages 13-24 months (n=16 of 133, 12%) vs. those less than 13 months (n=3 of 64, 5%), and those greater than 24 months (n=8 of 152, 5%) (p=0.0024). After adjusting for location, age was not statistically significant with postsurgical atrophy (p=0.055).","The optimal age at which to perform orchiopexy for cryptorchidism has long been debated. The aim of this study was to determine if age at orchiopexy affected testicular atrophy. A retrospective review of patients undergoing orchiopexy from 2000 to 2010 was conducted. An individual testis, rather than patient, was used as the dependent variable. A total of 349 testicles from 1126 charts (ICD-9=752.51) were identified. Primary study outcome was testicular survival without atrophy. Mean follow up for the study was 25 months. There was postoperative atrophy in 27 testes (7.7%). Intraabdominal testicle was independently associated with increased postsurgical atrophy (p<0.0001). The odds of postsurgical atrophy were 15.66 times higher for an abdominal vs. inguinal location (95% CI: 5.5-44.6). Testicular atrophy was highest for orchiopexy at ages 13-24 months (n=16 of 133, 12%) vs. those less than 13 months (n=3 of 64, 5%), and those greater than 24 months (n=8 of 152, 5%) (p=0.0024). After adjusting for location, age was not statistically significant with postsurgical atrophy (p=0.055).",0.7842589616775513,"Yes, the age at which orchiopexy is performed can affect the survival and function of the testis. Early orchiopexy, typically recommended before 18 months of age, is associated with better outcomes in terms of testicular function and fertility potential. Delayed surgery can lead to increased risks of testicular damage, infertility, and malignancy. Early intervention helps in preserving testicular tissue and optimizing future fertility.

VERDICT: yes","Step 1 — What biological mechanism or clinical concept is relevant here?

The relevant biological mechanism involves the development and function of the testes. Undescended testes, or cryptorchidism, is a condition where one or both of the testes fail to descend into the scrotum. This condition can lead to impaired spermatogenesis due to the higher temperature in the abdomen compared to the scrotum, which can affect fertility and increase the risk of testicular cancer. Orchiopexy is a surgical procedure to move an undescended testis into the scrotum and is typically performed to preserve testicular function and reduce these risks.

Step 2 — What does the evidence generally suggest?

Evidence suggests that the timing of orchiopexy is crucial for optimizing testicular function and survival. Studies indicate that performing orchiopexy at an earlier age, ideally before 12 to 18 months of age, is associated with better outcomes in terms of fertility potential and testicular health. Delayed surgery is linked to a higher risk of testicular damage and reduced fertility potential due to prolonged exposure to higher temperatures and potential histological changes in the testicular tissue.

Step 3 — What is the most supported conclusion?

The most supported conclusion is that earlier orchiopexy, performed before 12 to 18 months of age, is beneficial for the survival and function of the testis. Delaying the procedure can lead to adverse outcomes, including impaired spermatogenesis and increased risk of testicular cancer. Therefore, the age at which orchiopexy is performed does affect the survival and function of the testis.

VERDICT: yes","The evidence provided in Source 1 discusses a study that aimed to determine if the age at which orchiopexy is performed affects testicular atrophy. The study involved a retrospective review of patients undergoing orchiopexy and found that postoperative atrophy occurred in 7.7% of testes. However, the abstract does not explicitly state whether age at orchiopexy directly affects the survival of the testis. The other sources do not provide relevant information regarding the impact of age at orchiopexy on testicular survival.

Based on the evidence provided, there is no clear indication that age at orchiopexy affects the survival of the testis.

VERDICT: no","Step 1 — What do the retrieved sources say about this topic?

- Source 1 discusses a study that aimed to determine if the age at which orchiopexy is performed affects testicular atrophy. The study found that postoperative atrophy occurred in 7.7% of testes, but it does not explicitly state whether age at orchiopexy was a significant factor affecting testicular survival without atrophy.

- Source 2 does not directly address the impact of age at orchiopexy on testicular survival. Instead, it focuses on the surgical approach (scrotal incision) for treating undescended testis and its advantages, including the detection of atrophic testes.

- Source 3 discusses the management of testicular remnants in vanishing testes syndrome and does not provide information on the age at orchiopexy or its impact on testicular survival.

Step 2 — Do the sources agree or contradict each other?

The sources do not directly contradict each other, but they focus on different aspects of the management of undescended testes. Source 1 is the only one that touches on the topic of age at orchiopexy and testicular atrophy, but it does not provide a clear conclusion on whether age affects testicular survival.

Step 3 — What is the most evidence-supported conclusion?

Based on the available evidence, Source 1 is the only source that partially addresses the question by examining testicular atrophy post-orchiopexy. However, it does not provide a definitive conclusion on whether the age at orchiopexy affects the survival of the testis. The other sources do not provide relevant information on this specific question.

VERDICT: no",yes,yes,no,no,"[ 0.0539856   0.04190063  0.05825806 ... -0.00139999  0.01852417
  0.0352478 ]","[ 0.04763794  0.03668213  0.06100464 ... -0.009758    0.01491547
  0.02610779]","[ 0.04269409  0.01922607  0.02853394 ...  0.01679993 -0.00146198
  0.01238251]",[0.03652954 0.0269928  0.03747559 ... 0.0246582  0.01494598 0.01260376],"[ 0.01064301  0.01828003  0.0625     ... -0.01184845  0.00878143
  0.01141357]",0.8138600587844849,0,0.8057297468185425,0,0.8267271518707275,0,0.7642974853515625,0
47,Hepatic arterial embolization for unresectable hepatocellular carcinomas: do technical factors affect prognosis?,yes,"To evaluate retrospectively whether technical factors of hepatic arterial embolization affect the prognosis of patients with hepatocellular carcinoma (HCC). Inclusion criteria of this study were the following: (1) patients received embolization as the initial treatment during 2003-2004, (2) Child A or B liver profile, (3) five or fewer HCCs with maximum diameter of 7 cm or smaller, and (4) no extrahepatic metastasis. Patient data were gathered from 43 centers. Prognostic factors were evaluated using univariate and multivariate analyses. Eight hundred fifteen patients were enrolled. The 1-, 3-, 5-, and 7-year overall survival rates were 92.0 % (95 % CI 90.1-93.9), 62.9 % (95 % CI 59.3-66.6), 39.0 % (95 % CI 35.1-43.0), and 26.7 % (95 % CI 22.6-30.8) in all patients. Univariate analysis showed a Child-Pugh class-A, alpha-fetoprotein level lower than 100 ng/ml, tumor size of 3 cm or smaller, tumor number of 3 or fewer, one-lobe tumor distribution, nodular tumor type, within the Milan criteria, stage I or II, no portal venous invasion, use of iodized oil, and selective embolization were significantly better prognostic factors. In the multivariate Cox model, the benefit to survival of selective embolization remained significant (hazard ratio 0.68; 95 % CI 0.48-0.97; p = 0.033).","To evaluate retrospectively whether technical factors of hepatic arterial embolization affect the prognosis of patients with hepatocellular carcinoma (HCC). Inclusion criteria of this study were the following: (1) patients received embolization as the initial treatment during 2003-2004, (2) Child A or B liver profile, (3) five or fewer HCCs with maximum diameter of 7 cm or smaller, and (4) no extrahepatic metastasis. Patient data were gathered from 43 centers. Prognostic factors were evaluated using univariate and multivariate analyses. Eight hundred fifteen patients were enrolled. The 1-, 3-, 5-, and 7-year overall survival rates were 92.0 % (95 % CI 90.1-93.9), 62.9 % (95 % CI 59.3-66.6), 39.0 % (95 % CI 35.1-43.0), and 26.7 % (95 % CI 22.6-30.8) in all patients. Univariate analysis showed a Child-Pugh class-A, alpha-fetoprotein level lower than 100 ng/ml, tumor size of 3 cm or smaller, tumor number of 3 or fewer, one-lobe tumor distribution, nodular tumor type, within the Milan criteria, stage I or II, no portal venous invasion, use of iodized oil, and selective embolization were significantly better prognostic factors. In the multivariate Cox model, the benefit to survival of selective embolization remained significant (hazard ratio 0.68; 95 % CI 0.48-0.97; p = 0.033).",0.8113940358161926,"Yes, technical factors in hepatic arterial embolization can affect the prognosis of patients with unresectable hepatocellular carcinomas. The procedure's success and the patient's outcome can be influenced by several technical aspects, such as the choice of embolic agents, the precision of catheter placement, the extent of tumor vascularization, and the ability to achieve adequate embolization of the tumor while sparing healthy liver tissue. These factors can impact the degree of tumor necrosis, the risk of complications, and ultimately, the patient's survival and quality of life.

VERDICT: yes","Step 1 — What biological mechanism or clinical concept is relevant here?

Hepatic arterial embolization, also known as transarterial embolization (TAE) or transarterial chemoembolization (TACE), is a procedure used to treat unresectable hepatocellular carcinoma (HCC). This technique involves the selective occlusion of the blood supply to the tumor, primarily through the hepatic artery, which supplies most of the blood to liver tumors. By blocking the blood flow, the procedure aims to induce ischemia and necrosis of the tumor tissue, potentially slowing tumor growth and improving patient outcomes. Technical factors in this context could include the choice of embolic agents, the precision of catheter placement, the extent of embolization, and the use of adjunctive therapies like chemotherapy.

Step 2 — What does the evidence generally suggest?

Evidence from clinical studies suggests that technical factors in hepatic arterial embolization can significantly impact the prognosis of patients with unresectable HCC. Factors such as the type and size of embolic particles, the accuracy of catheter placement, and the extent of embolization have been shown to influence treatment efficacy and patient outcomes. For instance, precise targeting of the tumor vasculature and the use of appropriate embolic materials can enhance the therapeutic effect and reduce complications. Additionally, the combination of embolization with chemotherapy (TACE) has been associated with improved survival rates compared to embolization alone.

Step 3 — What is the most supported conclusion?

The most supported conclusion is that technical factors in hepatic arterial embolization do affect the prognosis of patients with unresectable hepatocellular carcinoma. Optimizing these factors can lead to better tumor control and potentially improved survival outcomes. Therefore, careful consideration of technical aspects during the procedure is crucial for maximizing its therapeutic benefits.

VERDICT: yes","The evidence provided in Source 1 indicates that a study was conducted to evaluate whether technical factors of hepatic arterial embolization affect the prognosis of patients with hepatocellular carcinoma (HCC). The study included patients who received embolization as the initial treatment and analyzed prognostic factors using univariate and multivariate analyses. However, the abstract does not provide specific results or conclusions regarding the impact of technical factors on prognosis.

Therefore, based on the evidence provided, it is not possible to determine if technical factors of hepatic arterial embolization affect prognosis.

VERDICT: no","Step 1 — What do the retrieved sources say about this topic?
- Source 1 discusses a study evaluating whether technical factors of hepatic arterial embolization affect the prognosis of patients with hepatocellular carcinoma (HCC). The study included patients who received embolization as the initial treatment and analyzed prognostic factors using univariate and multivariate analyses. However, the abstract does not provide specific results or conclusions about the impact of technical factors on prognosis.
- Source 2 and Source 3 do not provide relevant information about hepatic arterial embolization for HCC. Source 2 discusses gallbladder carcinoma and its treatment, while Source 3 focuses on staging laparoscopy for HCC.

Step 2 — Do the sources agree or contradict each other?
- Only Source 1 is relevant to the question about hepatic arterial embolization for HCC. Sources 2 and 3 do not address this topic, so there is no agreement or contradiction among the sources regarding the specific question.

Step 3 — What is the most evidence-supported conclusion?
- Source 1 suggests that a study was conducted to evaluate the impact of technical factors on the prognosis of HCC patients undergoing hepatic arterial embolization, but it does not provide specific findings or conclusions. Therefore, based on the available evidence, it is unclear whether technical factors affect prognosis.

VERDICT: no",yes,yes,no,no,"[-0.03311157 -0.02760315  0.03302002 ... -0.00619125  0.01056671
  0.00930023]","[-0.02908325 -0.02116394  0.03259277 ...  0.00596619  0.01386261
  0.00846863]","[-0.02642822 -0.03134155  0.0050087  ... -0.00534439 -0.00034499
 -0.00323677]","[-0.03689575 -0.03726196  0.00963593 ... -0.00375938 -0.00124168
  0.01174927]","[-0.03710938 -0.03683472  0.04013062 ... -0.00505447  0.0012579
 -0.01312256]",0.7999371290206909,0,0.7764115333557129,0,0.8217728137969971,0,0.7779245376586914,0
48,Cold knife conization vs. LEEP. Are they the same procedure?,no,"To prospectively evaluate the amount of tissue removed at loop electrosurgical excision procedure (LEEP) vs. cold knife conization. Forty consecutive LEEP or cold knife conization specimens were prospectively measured and weighed by a single pathology technician. Diameter, length and weight of the specimens were compared using Student's t test. Mean diameter of cold knife cone specimens was 2.6 vs. 2.2 cm for LEEP (P = .07). Mean length of cold knife cone specimens was 1.5 vs. 1.0 cm for LEEP (P = .001). Mean weight for cold knife cone specimens was 4.4 vs. 2.0 g for LEEP (P = .001).","To prospectively evaluate the amount of tissue removed at loop electrosurgical excision procedure (LEEP) vs. cold knife conization. Forty consecutive LEEP or cold knife conization specimens were prospectively measured and weighed by a single pathology technician. Diameter, length and weight of the specimens were compared using Student's t test. Mean diameter of cold knife cone specimens was 2.6 vs. 2.2 cm for LEEP (P = .07). Mean length of cold knife cone specimens was 1.5 vs. 1.0 cm for LEEP (P = .001). Mean weight for cold knife cone specimens was 4.4 vs. 2.0 g for LEEP (P = .001).",0.6876678466796875,"Cold knife conization and LEEP (Loop Electrosurgical Excision Procedure) are not the same procedure. Both are used to remove abnormal tissue from the cervix, often for the treatment of cervical dysplasia, but they differ in technique and tools used. 

Cold knife conization involves using a scalpel to excise a cone-shaped piece of tissue from the cervix. It is a surgical procedure typically performed in a hospital setting under anesthesia. This method allows for a more precise and deeper excision, which can be beneficial for diagnosing and treating more extensive lesions.

LEEP, on the other hand, uses a thin wire loop that carries an electrical current to cut away the abnormal tissue. It is usually performed in an outpatient setting and is less invasive than cold knife conization. LEEP is often preferred for its simplicity, lower cost, and quicker recovery time.

In summary, while both procedures aim to remove abnormal cervical tissue, they differ significantly in their approach and execution.

VERDICT: no","Step 1 — What biological mechanism or clinical concept is relevant here?

Cold knife conization and LEEP (Loop Electrosurgical Excision Procedure) are both surgical procedures used to remove abnormal tissue from the cervix, often in the context of diagnosing or treating cervical dysplasia or early-stage cervical cancer. The primary goal of both procedures is to excise a cone-shaped piece of tissue from the cervix for histopathological examination and to ensure that any precancerous or cancerous cells are removed.

Step 2 — What does the evidence generally suggest?

Cold knife conization involves the use of a scalpel to surgically remove the tissue, whereas LEEP uses a thin wire loop that carries an electrical current to excise the tissue. Both procedures aim to achieve similar outcomes, but they differ in technique, equipment used, and sometimes in the extent of tissue removal. Cold knife conization is often considered more invasive and may be associated with a higher risk of complications such as bleeding, but it can provide a more comprehensive tissue sample for pathological examination. LEEP is generally less invasive, can be performed in an outpatient setting, and is associated with quicker recovery times.

Step 3 — What is the most supported conclusion?

While both cold knife conization and LEEP are used for similar clinical purposes, they are not the same procedure. They differ in the method of tissue removal, the equipment used, and the potential risks and benefits associated with each technique. The choice between the two may depend on clinical factors, patient preference, and the specific clinical scenario.

VERDICT: no","Based on the evidence provided in Source 1, cold knife conization and LEEP (loop electrosurgical excision procedure) are not the same procedure. The study compares the two by evaluating the amount of tissue removed, indicating that they are distinct methods. Cold knife conization results in larger and heavier specimens compared to LEEP, as evidenced by the differences in mean diameter, length, and weight of the specimens.

VERDICT: no","Step 1 — What do the retrieved sources say about this topic?
Source 1 provides a direct comparison between cold knife conization and LEEP (loop electrosurgical excision procedure). It evaluates the amount of tissue removed by each procedure, indicating that cold knife conization results in larger specimens in terms of diameter, length, and weight compared to LEEP. This suggests that they are distinct procedures with different outcomes in terms of tissue removal.

Step 2 — Do the sources agree or contradict each other?
Only Source 1 discusses cold knife conization and LEEP, and it clearly distinguishes between the two procedures based on the amount of tissue removed. The other sources do not address these procedures, so there is no contradiction among the sources.

Step 3 — What is the most evidence-supported conclusion?
Based on Source 1, cold knife conization and LEEP are not the same procedure. They differ in the amount of tissue they remove, with cold knife conization removing more tissue than LEEP. This indicates that they are distinct surgical techniques used for potentially different clinical indications or preferences.

VERDICT: no",no,no,no,no,"[-0.00503922 -0.01382446 -0.00191021 ...  0.00593948 -0.02165222
  0.01249695]","[ 0.00914001 -0.00132275  0.00981903 ...  0.00269318 -0.01881409
  0.01751709]","[ 0.01795959 -0.00956726 -0.02774048 ... -0.00205421 -0.00436401
  0.00544357]","[-0.00021732 -0.01113892 -0.00120926 ...  0.01351929 -0.00403595
  0.00631332]","[ 0.02281189 -0.03359985  0.02545166 ...  0.00337791 -0.02217102
 -0.00471878]",0.7531129121780396,0,0.7631795406341553,0,0.8169729709625244,0,0.7714672088623047,0
49,Can folic acid protect against congenital heart defects in Down syndrome?,no,"Several studies have suggested a protective effect of folic acid (FA) on congenital heart anomalies. Down syndrome (DS) infants are known to have a high frequency of heart anomalies. Not all children with DS suffer from heart anomalies, which raises the question whether maternal factors might affect the risk of these anomalies. Our objectives were to investigate whether first-trimester FA use protects against heart anomalies among DS children. Women with liveborn DS children participating in the Slone Epidemiology Center Birth Defects Study between 1976 and 1997 were included. We performed case-control analyses using DS, with heart anomalies as cases and DS, without heart anomalies as controls. Subanalyses were performed for defects that have been associated with FA in non-DS populations (conotruncal, ventricular septal [VSD]) and for those that are associated with DS (ostium secundum type atrial septal defects [ASD]and endocardial cushion defects [ECD]). Exposure was defined as the use of any FA-containing product for an average of at least 4 days per week during the first 12 weeks of pregnancy, whereas no exposure was defined as no use of FA in these 12 weeks. Of the 223 cases, 110 (49%) were exposed versus 84 (46%) of the 184 controls. After adjustment for possible confounders, no protective effect of FA was found on heart anomalies overall (OR 0.95, 95% CI: 0.61-1.47) nor separately for conotruncal defects, VSDs, ASDs, or ECDs.","Several studies have suggested a protective effect of folic acid (FA) on congenital heart anomalies. Down syndrome (DS) infants are known to have a high frequency of heart anomalies. Not all children with DS suffer from heart anomalies, which raises the question whether maternal factors might affect the risk of these anomalies. Our objectives were to investigate whether first-trimester FA use protects against heart anomalies among DS children. Women with liveborn DS children participating in the Slone Epidemiology Center Birth Defects Study between 1976 and 1997 were included. We performed case-control analyses using DS, with heart anomalies as cases and DS, without heart anomalies as controls. Subanalyses were performed for defects that have been associated with FA in non-DS populations (conotruncal, ventricular septal [VSD]) and for those that are associated with DS (ostium secundum type atrial septal defects [ASD]and endocardial cushion defects [ECD]). Exposure was defined as the use of any FA-containing product for an average of at least 4 days per week during the first 12 weeks of pregnancy, whereas no exposure was defined as no use of FA in these 12 weeks. Of the 223 cases, 110 (49%) were exposed versus 84 (46%) of the 184 controls. After adjustment for possible confounders, no protective effect of FA was found on heart anomalies overall (OR 0.95, 95% CI: 0.61-1.47) nor separately for conotruncal defects, VSDs, ASDs, or ECDs.",0.7541354894638062,"The relationship between folic acid supplementation and the prevention of congenital heart defects (CHDs) in Down syndrome is not well-established. While folic acid is known to reduce the risk of neural tube defects in the general population, its effect on CHDs, particularly in the context of Down syndrome, is less clear. Some studies suggest that folic acid may have a protective effect against certain types of congenital heart defects, but the evidence is not conclusive, especially for individuals with Down syndrome. The genetic and developmental factors involved in Down syndrome-related CHDs are complex and may not be significantly influenced by folic acid supplementation alone.

VERDICT: no","Step 1 — What biological mechanism or clinical concept is relevant here?

Folic acid, a form of vitamin B9, is crucial for DNA synthesis and repair, and it plays a significant role in cell division and growth. It is well-known for its protective effects against neural tube defects during fetal development. The hypothesis is that folic acid might also influence the development of other congenital anomalies, such as congenital heart defects (CHDs), by supporting proper cellular and tissue development during pregnancy.

Step 2 — What does the evidence generally suggest?

Research on the role of folic acid in preventing congenital heart defects, particularly in the context of Down syndrome, is limited and mixed. Some studies suggest that folic acid supplementation before and during early pregnancy may reduce the risk of certain congenital heart defects in the general population. However, the specific impact on congenital heart defects in fetuses with Down syndrome is less clear. Down syndrome is associated with a higher incidence of congenital heart defects, but the genetic and developmental factors involved are complex and may not be fully mitigated by folic acid supplementation alone.

Step 3 — What is the most supported conclusion?

While folic acid is beneficial for reducing the risk of neural tube defects and possibly some congenital heart defects in the general population, there is insufficient evidence to conclusively state that it can protect against congenital heart defects specifically in Down syndrome. The genetic and developmental complexities of Down syndrome may require more targeted interventions beyond folic acid supplementation.

VERDICT: no","The evidence provided in Source 1 suggests that there is an interest in investigating whether first-trimester folic acid (FA) use can protect against heart anomalies among children with Down syndrome (DS). However, the abstract does not provide specific results or conclusions from the study, so it is unclear whether folic acid has a protective effect in this context. The other sources do not address the role of folic acid in preventing congenital heart defects in Down syndrome.

VERDICT: no","Step 1 — What do the retrieved sources say about this topic?
- Source 1 discusses the potential protective effect of folic acid (FA) on congenital heart anomalies, specifically in the context of Down syndrome (DS) infants. It mentions that not all children with DS have heart anomalies and raises the question of whether maternal factors, such as FA use, might influence the risk of these anomalies. The study aims to investigate whether first-trimester FA use protects against heart anomalies among DS children.

Step 2 — Do the sources agree or contradict each other?
- Only Source 1 directly addresses the question of folic acid's protective effect against congenital heart defects in Down syndrome. The other sources do not provide relevant information on this specific topic. Therefore, there is no agreement or contradiction among the sources regarding this question.

Step 3 — What is the most evidence-supported conclusion?
- Based on the available evidence from Source 1, there is a suggestion that folic acid might have a protective effect against congenital heart anomalies in Down syndrome. However, the source does not provide conclusive results or detailed findings from the study, so the evidence is not strong enough to make a definitive conclusion.

VERDICT: no",no,no,no,no,"[ 0.03894043 -0.00480652  0.05718994 ...  0.04394531  0.01184082
  0.03405762]",[0.03451538 0.02304077 0.05926514 ... 0.04101562 0.00547791 0.04595947],"[ 0.01520538 -0.00118351  0.02883911 ...  0.05526733 -0.00539017
  0.03186035]","[ 0.02095032 -0.00396347  0.03918457 ...  0.05606079 -0.00153828
  0.03588867]","[ 0.01237488 -0.00954437  0.07470703 ...  0.04650879 -0.00289917
  0.02241516]",0.7625190019607544,0,0.7751621007919312,0,0.8094806671142578,0,0.8054629564285278,0
